title,nom,prenom,equipe_membre,equipe_membre_pas_inscrite,unite_de_recherche
Gabriel ABBA,ABBA,Gabriel,,Laboratoire de Conception Fabrication Commande,LCFC
Abdeljalil ABBAS-TURKI,ABBAS-TURKI,Abdeljalil,,CIAD Connaissance et Intelligence Artificielle Distribuées - UMR 7533  Unité de recherche,
Rosa ABBOU,ABBOU,Rosa,LS2N - CPS3,,LS2N
Adam ABDIN,ABDIN,Adam,LGI,,
Farah ABDOUNE,ABDOUNE,Farah,LS2N - CPS3,,LS2N
Hassane ABOUAISSA,ABOUAISSA,Hassane,,LGI2A - UR 3926,LGI2A
Thiago ABREU,ABREU,Thiago,,LISSI EA3956 - TincNET,LISSI
Nabil ABSI,ABSI,Nabil,LIMOS - ODPS,,LIMOS
Vincent ACARY,ACARY,Vincent,,TRIPOP,INRIA Rhône-Alpes
Asma ACHNIB,ACHNIB,Asma,,Institut de Recherche en Constructibilité (IRC)-ESTP Paris,
Emmanuel ADAM,ADAM,Emmanuel,,LAMIH - Informatique,LAMIH
Kondo Hloindo ADJALLAH,ADJALLAH,Kondo Hloindo,,LCOMS,LCOMS
Lounis ADOUANE,ADOUANE,Lounis,HEUDIASYC,,
Olivier ADROT,ADROT,Olivier,G-SCOP,,G-SCOP
Mohamed AFROUN,AFROUN,Mohamed,LAMIH - Automatique,,LAMIH
Woihida AGGOUNE,AGGOUNE,Woihida,QUARTZ - ANLER,,QUARTZ
El-Houssaine AGHEZZAF,AGHEZZAF,El-Houssaine,,,ORIE-Gent
El-Hassane AGLZIM,AGLZIM,El-Hassane,,Equipe Systèmes Intelligents et Connectés,DRIVE
Aicha AGUEZZOUL,AGUEZZOUL,Aicha,DISP,,DISP
Tudor-Bogdan AIRIMITOAIE,AIRIMITOAIE,Tudor-Bogdan,IMS - Automatique,,IMS
Mourad AIT AHMED,AIT AHMED,Mourad,,IREENA,IREENA
Mohand Ouidir AIT EL MENCEUR,AIT EL MENCEUR,Mohand Ouidir,,,
Amel Ait-Ghezala,Ait-Ghezala,Amel,LAMIH - Automatique,,LAMIH
ABDELOUHAB AITOUCHE,AITOUCHE,ABDELOUHAB,CRIStAL - TOPSYS,,CRIStAL
Ayse AKBALIK,AKBALIK,Ayse,,LCOMS,LCOMS
Lama AL BASSIT,AL BASSIT,Lama,,TSCF,
Ahmad AL MOHAMAD,AL MOHAMAD,Ahmad,,,
Mohamad Alaaeddin ALALI,ALALI,Mohamad Alaaeddin,QUARTZ - ANLER,,QUARTZ
Mazen ALAMIR,ALAMIR,Mazen,GIPSA-lab - MODUS,,GIPSA-lab
Carolina ALBEA SÁNCHEZ,ALBEA SÁNCHEZ,Carolina,,Universidad de Sevilla-Espagne,
Pascal ALBERT,ALBERT,Pascal,,LASPI,LASPI
Michel ALDANONDO,ALDANONDO,Michel,,,
SAVA ALEXANDRE,ALEXANDRE,SAVA,,LCFC - axe Conception,LCFC
Ali ALI,ALI,Ali,,,
Hamid ALLAOUI,ALLAOUI,Hamid,,LGI2A,LGI2A
Gülgün ALPAN,ALPAN,Gülgün,G-SCOP,,
Thiago ALVES LIMA,ALVES LIMA,Thiago,L2S - COMEDY,,L2S
Fadi ALYOUSEF ALMASALMAH,ALYOUSEF ALMASALMAH,Fadi,ICUBE - RDH,,ICUBE
Nina AMINI,AMINI,Nina,L2S - COMEDY,,L2S
Rabah AMMOUR,AMMOUR,Rabah,LIS - ACS,,LIS
Lionel AMODEO,AMODEO,Lionel,,LIST3N - Laboratoire Informatique et Société Numérique,ICD
Didier ANCIAUX,ANCIAUX,Didier,,Université de Lorraine,LGIPM
Vincent ANDRIEU,ANDRIEU,Vincent,LAGEPP - DYCOP,,LAGEPP
David ANNEBICQUE,ANNEBICQUE,David,CReSTIC - ATS,,CReSTIC
Jérôme ANTONI,ANTONI,Jérôme,,LVA,
Franchi Antonio,Antonio,Franchi,,LAAS-CNRS RIS,LAAS-CNRS
Nabil ANWER,ANWER,Nabil,LURPA,,LURPA
Pierre APKARIAN,APKARIAN,Pierre,,,ONERA-DTIS
Andrea ARALDO,ARALDO,Andrea,,SAMOVAR,
Stanislav ARANOVSKIY,ARANOVSKIY,Stanislav,IETR - AUT,,IETR
Selma ARBAOUI,ARBAOUI,Selma,PRISME - IRAUS,,PRISME
Giovanny ARBELAEZ,ARBELAEZ,Giovanny,ICUBE - CSIP,,ICUBE
Laurent ARCESE,ARCESE,Laurent,CReSTIC - ATS,,CReSTIC
Bernard ARCHIMÈDE,ARCHIMÈDE,Bernard,LGP - Systèmes,,LGP
Yassine ARIBA,ARIBA,Yassine,LAAS-CNRS - MAC,,LAAS-CNRS
Joaquim ARMENGOL LLOBET,ARMENGOL LLOBET,Joaquim,,Aucun(e),
Miguel ARPA PEROZO,ARPA PEROZO,Miguel,ICUBE - RDH,,ICUBE
Corentin ASCONE,ASCONE,Corentin,LAMIH - Automatique,,LAMIH
Daniele ASTOLFI,ASTOLFI,Daniele,LAGEPP - DYCOP,,LAGEPP
Kevin ATIGHEHCHI,ATIGHEHCHI,Kevin,,Network and Security,LIMOS
Hussam ATOUI,ATOUI,Hussam,,,GIPSA-lab
Christophe AUBRUN,AUBRUN,Christophe,CRAN - CID,,CRAN
Alexis AUBRY,AUBRY,Alexis,CRAN - MPSI,,CRAN
Jean-Julien AUCOUTURIER,AUCOUTURIER,Jean-Julien,FEMTO-ST - AS2M,,FEMTO-ST
François AUGER,AUGER,François,,IREENA,IREENA
Nicolas AUGIER,AUGIER,Nicolas,LAAS-CNRS - MAC,,LAAS-CNRS
Vincent AUGUSTO,AUGUSTO,Vincent,,LIMOS,LIMOS
Jean AURIOL,AURIOL,Jean,L2S - MODESTY,,L2S
Laurent AUTRIQUE,AUTRIQUE,Laurent,LARIS - SDO,,LARIS
Manuel AVILA,AVILA,Manuel,PRISME - IRAUS,,PRISME
Christine AZEVEDO COSTE,AZEVEDO COSTE,Christine,,CAMIN INRIA,
Toufik AZIB,AZIB,Toufik,,ESTACA'LAB pôle Systèmes et Énergies Embarqués pour les transports (S2ET),
Olivier BACHELIER,BACHELIER,Olivier,LIAS - A&S,,LIAS
Adrien BADEL,BADEL,Adrien,,,SYMME
Rafael BAILÓN-RUIZ,BAILÓN-RUIZ,Rafael,ONERA - DTIS,,ONERA
Gustave BAINIER,BAINIER,Gustave,CRAN - CID,,CRAN
Eddy BAJIC,BAJIC,Eddy,CRAN - MPSI,,CRAN
Toufik BAKIR,BAKIR,Toufik,,ImViA,
Louis BAL DIT SOLLIER,BAL DIT SOLLIER,Louis,,LURPA,LURPA
G. Iuliana BARA,BARA,G. Iuliana,ICUBE - RDH,,ICUBE
Magali BARBIER,BARBIER,Magali,ONERA - DTIS,,ONERA
Jean- Pierre BARBOT,BARBOT,Jean- Pierre,LS2N - CODEx,,LS2N
Walid BARHOUMI,BARHOUMI,Walid,,LIMTIC,
Claude BARON,BARON,Claude,LAAS-CNRS - ISI,,LAAS-CNRS
Matthieu BARREAU,BARREAU,Matthieu,,KTH - Division of Decision and Control Systems,
Anne-Marie BARTHE-DELANOË,BARTHE-DELANOË,Anne-Marie,,IMT Mines Albi - CGI,CGI
Pierre-Marie BASSET,BASSET,Pierre-Marie,ONERA - DTIS,,ONERA
Michel BASSET,BASSET,Michel,,IRIMAS - MIAM,IRIMAS
Michèle BASSEVILLE,BASSEVILLE,Michèle,,IRISA,IRISA
Lucie BAUDOUIN,BAUDOUIN,Lucie,LAAS-CNRS - MAC,,LAAS-CNRS
Stéphanie BAYARD,BAYARD,Stéphanie,LIMOS - ODPS,,LIMOS
Bernard BAYLE,BAYLE,Bernard,ICUBE - RDH,,ICUBE
Richard BEAREE,BEAREE,Richard,,LISPEN,LSIS
Amaury BEAUDET,BEAUDET,Amaury,Ampere - Dept. AIS,,Ampere
Yasmina BECIS,BECIS,Yasmina,PRISME - IRAUS,,PRISME
Stéphane BEGOT,BEGOT,Stéphane,PRISME - IRAUS,,PRISME
Azzedine BEKKAR,BEKKAR,Azzedine,,,
Abdelghani BEKRAR,BEKRAR,Abdelghani,LAMIH - Automatique,,LAMIH
Cédrik BÉLER,BÉLER,Cédrik,LGP - Systèmes,,LGP
Ismail BELGACEM,BELGACEM,Ismail,,IBISC,IBISC
Latifa BELHOCINE,BELHOCINE,Latifa,,,LGIPM
Farouk BELKADI,BELKADI,Farouk,LS2N - CPS3,,LS2N
Lotfi BELKOURA,BELKOURA,Lotfi,CRIStAL - CO2,,CRIStAL
Odile BELLENGUEZ,BELLENGUEZ,Odile,,,LS2N
Ahmed Nassim BELLILA,BELLILA,Ahmed Nassim,LIRMM - Robotique,,LIRMM
Rym BEN BACHOUCH,BEN BACHOUCH,Rym,PRISME - IRAUS,,PRISME
IMEN BEN BRAHIM,BEN BRAHIM,IMEN,,Laboratoire Quartz - Système durable,QUARTZ
Seif Eddine BEN ELGHALI,BEN ELGHALI,Seif Eddine,,LIS-PECASE,
Imen BEN MOHAMED,BEN MOHAMED,Imen,,AIM RESEARCH CENTER ON QUANTITATIVE METHODS IN BUSINESS,DISP
Jalel BEN OTHMAN,BEN OTHMAN,Jalel,,,
Romain BEN TALEB,BEN TALEB,Romain,,IMT Mines Albi Carmaux - Centre de Génie Industriel (CGI),CGI
Oussama BEN-AMMAR,BEN-AMMAR,Oussama,,EuroMov DHM,
Abdelhamid BENAINI,BENAINI,Abdelhamid,,Laboratoirede Mathématiques Appliquées du Havre,LMAH
Mohamed Amin BENATIA,BENATIA,Mohamed Amin,,CESI LINEACT,LINEACT
Farouq BENCHALLAL,BENCHALLAL,Farouq,,,
Ghita BENCHEIKH,BENCHEIKH,Ghita,,Lineact,LINEACT
Abderaouf BENGHALIA,BENGHALIA,Abderaouf,,,
André BENINE NETO,BENINE NETO,André,IMS - Automatique,,IMS
Eric BENOIT,BENOIT,Eric,,LISTIC,LISTIC
Mourad BENOUSSAAD,BENOUSSAAD,Mourad,LGP - Systèmes,,LGP
Eric BENSANA,BENSANA,Eric,ONERA - DTIS,,ONERA
Mohand-Lounes BENTAHA,BENTAHA,Mohand-Lounes,DISP,,
Lyes BENYOUCEF,BENYOUCEF,Lyes,LIS - ACS,,LIS
Bruno BERBERIAN,BERBERIAN,Bruno,ONERA - DTIS,,ONERA
Denis BERDJAG,BERDJAG,Denis,LAMIH - Automatique,,LAMIH
Christophe BERENGUER,BERENGUER,Christophe,GIPSA-lab - SAFE,,GIPSA-lab
Thierry BERGER,BERGER,Thierry,LAMIH - Automatique,,LAMIH
Giuseppe BERIO,BERIO,Giuseppe,,,IRISA
Pauline BERNARD,BERNARD,Pauline,,Centre Automatique et Systèmes (CAS),CAS
Lamia Berrah,Berrah,Lamia,,LISTIC,LISTIC
Pascal BERRUET,BERRUET,Pascal,,Lab-STICC FHOOX,Lab-STICC
Sylvain BERTRAND,BERTRAND,Sylvain,ONERA - DTIS,,ONERA
Gildas BESANCON,BESANCON,Gildas,GIPSA-lab - MODUS,,GIPSA-lab
Hichem BESSAFA,BESSAFA,Hichem,CRAN - CID,,CRAN
Belgacem BETTAYEB,BETTAYEB,Belgacem,,UR 7527,LINEACT
Julie BEUGIN,BEUGIN,Julie,,Université Gustave Eiffel - COSYS - ESTAS,
Safa BHAR LAYEB,BHAR LAYEB,Safa,,Laboratoire de Recherche OASIS : Optimization and Analysis of Service and Industrial Systems,
Jean Marc BIANNIC,BIANNIC,Jean Marc,ONERA - DTIS,,ONERA-DTIS
Catherine BIDARD,BIDARD,Catherine,,CEA LIST DIASI SRI,CEA-LIST
Eric BIDEAUX,BIDEAUX,Eric,Ampere - Dept. AIS,,Ampere
Jean Bertin BIDIAS,BIDIAS,Jean Bertin,QUARTZ - ANLER,,QUARTZ
Abderazik BIROUCHE,BIROUCHE,Abderazik,,IRIMAS - ASI - MIAM,IRIMAS
Babiga BIRREGAH,BIRREGAH,Babiga,,LIST3N - Laboratoire Informatique et Société Numérique,ICD
Paul-antoine BISGAMBIGLIA,BISGAMBIGLIA,Paul-antoine,,"UMR SPE 6134, équipe informatique projet SiSU",
Eric BLANCO,BLANCO,Eric,Ampere - Dept. AIS,,Ampere
Eric BLANCO,BLANCO,Eric,G-SCOP,,
Pierre-Alexandre BLIMAN,BLIMAN,Pierre-Alexandre,,,INRIA-Rocquencourt
Jean-Louis BOIMOND,BOIMOND,Jean-Louis,LARIS - SDO,,LARIS
Nicolas BOIZOT,BOIZOT,Nicolas,LIS - ACS,,LIS
Vincent BOMBARDIER,BOMBARDIER,Vincent,CRAN - MPSI,,CRAN
Xavier Bombois,Bombois,Xavier,Ampere - Dept. AIS,,Ampere
Patrice BONHOMME,BONHOMME,Patrice,,,LI
Eric BONJOUR,BONJOUR,Eric,ERPI,,
Silvère BONNABEL,BONNABEL,Silvère,,Centre de Robotique - Mines Paris PSL,
Frédéric BONNARDOT,BONNARDOT,Frédéric,,LASPI,LASPI
Benoît BONNET,BONNET,Benoît,LAAS-CNRS - MAC,,LAAS-CNRS
Catherine BONNET,BONNET,Catherine,L2S - MODESTY,,L2S
Philippe BONNIFAIT,BONNIFAIT,Philippe,HEUDIASYC,,
Thérèse BONTE,BONTE,Thérèse,LAMIH - Automatique,,LAMIH
Theodor BORANGIU,BORANGIU,Theodor,IMS - Automatique,,IMS
Joël Bordeneuve-Guibé,Bordeneuve-Guibé,Joël,,ISAE-SUPAERO,ISAE-DMIA
Nathalie BOSTEL,BOSTEL,Nathalie,,LS2N- Modélis,LS2N
Valérie BOTTA-GENOULAZ,BOTTA-GENOULAZ,Valérie,DISP,,
Wassim BOUAZZA,BOUAZZA,Wassim,LS2N - CPS3,,LS2N
Abderrahim BOUCHAIR,BOUCHAIR,Abderrahim,,,LIO
Xavier BOUCHER,BOUCHER,Xavier,LIMOS - ODPS,,LIMOS
Christophe BOUCHER,BOUCHER,Christophe,,LISIC UR 4491 SPECIFI,LISIC
Nassim BOUDAOUD,BOUDAOUD,Nassim,,Laboratoire ROBERVAL,Roberval
Toufik BOUDOUH,BOUDOUH,Toufik,,ICB - CO2M,ICB
Abdelhak BOUGOUFFA,BOUGOUFFA,Abdelhak,,,SATIE
Jean-françois BOUJUT,BOUJUT,Jean-françois,G-SCOP,,
Jaouad BOUKACHOUR,BOUKACHOUR,Jaouad,,LMAH,LMAH
Yassine BOUKAL,BOUKAL,Yassine,,R&I Capgemini Engineering,
Mahdi BOUKERDJA,BOUKERDJA,Mahdi,CRIStAL - TOPSYS,,CRIStAL
Moussa BOUKHNIFER,BOUKHNIFER,Moussa,,,
Taha BOUKHOBZA,BOUKHOBZA,Taha,CRAN - CID,,CRAN
Guillaume BOULEUX,BOULEUX,Guillaume,DISP,,
Mouad BOUNOUAR,BOUNOUAR,Mouad,,,
Abdelaziz BOURAS,BOURAS,Abdelaziz,DISP,,
Romain BOURDAIS,BOURDAIS,Romain,IETR - AUT,,IETR
Thomas BOURDEAUD\'HUY,BOURDEAUD\'HUY,Thomas,,Cristal / OPTIMA / OSL,CRIStAL
Guy BOURHIS,BOURHIS,Guy,,LCOMS,LCOMS
Abderraouf BOUSSIF,BOUSSIF,Abderraouf,,Institut de recherche technologique Railenium,
Olivier BOUTIN,BOUTIN,Olivier,LS2N - CPS3,,LS2N
Rachid BOUYEKHF,BOUYEKHF,Rachid,,"Laboratoire de Nanomédecine, Imagerie, Thérapeutique",
Nadjib BRAHIMI,BRAHIMI,Nadjib,,LS2N-MODELIS,LS2N
Antoneta Iuliana BRATCU,BRATCU,Antoneta Iuliana,GIPSA-lab - MODUS,,GIPSA-lab
Leonardo BRENNER,BRENNER,Leonardo,LIS - ACS,,LIS
Delphine BRESCH-PIETRI,BRESCH-PIETRI,Delphine,,,CAS
Mathieu BRESSEL,BRESSEL,Mathieu,CRIStAL - TOPSYS,,CRIStAL
Jean François BRETHÉ,BRETHÉ,Jean François,,EA GREAH,GREAH
Cyrille BRIAND,BRIAND,Cyrille,,LAAS-CNRS - ROC,LAAS-CNRS
Corentin BRIAT,BRIAT,Corentin,,CTSB,D-BSSE
Matthieu BRICOGNE,BRICOGNE,Matthieu,Roberval - SIPP,,Roberval
Yves BRIERE,BRIERE,Yves,,ISAE-DCAS,
Hind BRIL EL HAOUZI,BRIL EL HAOUZI,Hind,CRAN - MPSI,,CRAN
Lara Briñón Arranz,Briñón Arranz,Lara,GIPSA-lab - COPERNIC,,GIPSA-lab
Nicolae BRINZEI,BRINZEI,Nicolae,CRAN - MPSI,,CRAN
Bernard Brogliato,Brogliato,Bernard,,INRIA TRIPOP,INRIA Rhône-Alpes
Edith BROTHERTON,BROTHERTON,Edith,,"CIRRELT, Université Laval",
Xavier BRUN,BRUN,Xavier,Ampere - Dept. AIS,,Ampere
Patrick BURLAT,BURLAT,Patrick,,,Institut Henri Fayol
Laurent Burlion,Burlion,Laurent,,Rutgers University,
Corentin C,C,Corentin,,,
Catherine Cadet,Cadet,Catherine,GIPSA-lab - SAFE,,GIPSA-lab
Mauricio CAMARGO,CAMARGO,Mauricio,ERPI,,
Philippe CANALDA,CANALDA,Philippe,,FEMTO-ST-DISC,FEMTO-ST
Gaëlle CANDEL,CANDEL,Gaëlle,,,
Carlos CANUDAS DE WIT,CANUDAS DE WIT,Carlos,GIPSA-lab - DANCE,,GIPSA-lab
Cindy CAPPELLE,CAPPELLE,Cindy,CRIStAL - TOPSYS,,CRIStAL
Olivier CARDIN,CARDIN,Olivier,LS2N - CPS3,,LS2N
Janette CARDOSO,CARDOSO,Janette,,ISAE-DISC,ISAE-DMIA
Matthieu CARRE,CARRE,Matthieu,,Heex Technologies,
Véronique CARRE MENETRIER,CARRE MENETRIER,Véronique,CReSTIC - ATS,,CReSTIC
Céline CASENAVE,CASENAVE,Céline,,MISTEA,
Géry CASIEZ,CASIEZ,Géry,CRIStAL - CO2,,CRIStAL
Mario CASSARO,CASSARO,Mario,ONERA - DTIS,,ONERA
Philippe CASTAGLIOLA,CASTAGLIOLA,Philippe,LS2N - CPS3,,LS2N
Pierre CASTAGNA,CASTAGNA,Pierre,LS2N - CPS3,,LS2N
Bruno Castanier,Castanier,Bruno,LARIS - SFD,,LARIS
Pedro CASTILLO,CASTILLO,Pedro,HEUDIASYC,,HEUDIASYC
Sebastien CAUET,CAUET,Sebastien,LIAS - A&S,,LIAS
Laurent CAUFFRIEZ,CAUFFRIEZ,Laurent,LAMIH - Automatique,,LAMIH
Patrice CAULIER,CAULIER,Patrice,LAMIH - Automatique,,LAMIH
Aline CAUVIN,CAUVIN,Aline,,LIS-Sciences des données,LIS
Joao CAVALCANTI SANTOS,CAVALCANTI SANTOS,Joao,LIRMM - Robotique,,LIRMM
Franck CAZAURANG,CAZAURANG,Franck,IMS - Automatique,,IMS
Sophie CERF,CERF,Sophie,,CRIStAL - SPIRALS,
Sondes CHAABANE,CHAABANE,Sondes,LAMIH - Automatique,,LAMIH
Mohammed CHADLI,CHADLI,Mohammed,,IBISC - SIAM,
Mari CHAIKOVSKAIA,CHAIKOVSKAIA,Mari,LIMOS - ODPS,,LIMOS
Antoine CHAILLET,CHAILLET,Antoine,L2S - COMEDY,,L2S
Gérard CHALHOUB,CHALHOUB,Gérard,,LIMOS - SIC,LIMOS
Gérard CHAMPENOIS,CHAMPENOIS,Gérard,LIAS - A&S,,LIAS
Afzal CHAMROO,CHAMROO,Afzal,LIAS - A&S,,LIAS
Hélène CHANAL,CHANAL,Hélène,,Institut Pascal,Institut Pascal
Timothée CHANE-HAï,CHANE-HAï,Timothée,DISP,,
Sébastien Changey,Changey,Sébastien,,ISL-GNC,IRIMAS
Elodie CHANTHERY,CHANTHERY,Elodie,LAAS-CNRS - DISCO,,LAAS-CNRS
Vincent CHAPURLAT,CHAPURLAT,Vincent,,LSR (Laboratoire des Sciences des Risques),
Catherine CHARBONNEL,CHARBONNEL,Catherine,,,
Sylvie CHARBONNIER,CHARBONNIER,Sylvie,GIPSA-lab - SAFE,,GIPSA-lab
Tarik CHARGUI,CHARGUI,Tarik,LAMIH - Automatique,,LAMIH
Aurélie CHARLES,CHARLES,Aurélie,DISP,,
Patrick CHARPENTIER,CHARPENTIER,Patrick,CRAN - MPSI,,CRAN
Yohann CHASSERAY,CHASSERAY,Yohann,,CGI,CGI
Eric CHATELET,CHATELET,Eric,,UR INSyTE,ICD
Paul CHAUCHAT,CHAUCHAT,Paul,IETR - AUT,,IETR
Paul CHAUCHAT,CHAUCHAT,Paul,LIS - ACS,,LIS
Serge CHAUMETTE,CHAUMETTE,Serge,,"Laboratoire LaBRI, Equipe Progress",LaBRI
Rachid CHELOUAH,CHELOUAH,Rachid,,ETIS,ETIS
Ahmed CHEMORI,CHEMORI,Ahmed,LIRMM - Robotique,,LIRMM
Linjie CHEN,CHEN,Linjie,,,LASPI
Raphaël CHENOUARD,CHENOUARD,Raphaël,LS2N - OGRE,,LS2N
Chantal Cherifi,Cherifi,Chantal,DISP,,
Fatah CHETOUANE,CHETOUANE,Fatah,,Sans objet,
Vincent CHEUTET,CHEUTET,Vincent,DISP,,
Thomas CHEVET,CHEVET,Thomas,ONERA - DTIS,,ONERA
Philippe CHEVREL,CHEVREL,Philippe,LS2N - CODEx,,LS2N
Jason CHEVRIE,CHEVRIE,Jason,LAMIH - Automatique,,LAMIH
Mathieu CHEVRIÉ,CHEVRIÉ,Mathieu,IMS - Automatique,,IMS
Pascale CHIRON,CHIRON,Pascale,LGP - Systèmes,,LGP
Yacine CHITOUR,CHITOUR,Yacine,L2S - COMEDY,,L2S
Francesca Carlotta CHITTARO,CHITTARO,Francesca Carlotta,LIS - ACS,,LIS
Amira CHOUCHANE,CHOUCHANE,Amira,,COSYS/ESTAS,
Larbi CHRIFI-ALAOUI,CHRIFI-ALAOUI,Larbi,,"Laboratoire des Technologies Innovantes LTI, équipe Systèmes Intelligents",LTI
Nicolaï CHRISTOV,CHRISTOV,Nicolaï,CRIStAL - CO2,,CRIStAL
Chengbin CHU,CHU,Chengbin,,COSYS-GRETTIA,
Jérôme CIESLAK,CIESLAK,Jérôme,IMS - Automatique,,IMS
Nathalie CISLO,CISLO,Nathalie,PRISME - IRAUS,,PRISME
Joffrey CLARHAUT,CLARHAUT,Joffrey,LAMIH - Automatique,,LAMIH
Fabien CLAVEAU,CLAVEAU,Fabien,LS2N - CODEx,,LS2N
Benoit CLEMENT,CLEMENT,Benoit,,IRL CROSSING,IRL CROSSING
Maurice CLERC,CLERC,Maurice,,Chercheur indépendant,
Philippe CLERMONT,CLERMONT,Philippe,,Aucun,LGP
Cédric CLEVY,CLEVY,Cédric,FEMTO-ST - AS2M,,FEMTO-ST
Caroline CLOUTIER,CLOUTIER,Caroline,,CIRRELT,
François CLUZEL,CLUZEL,François,LGI,,LGI
Koffi Alexandre Yannick Jonathan Cobbold,Cobbold,Koffi Alexandre Yannick Jonathan,,,
Etienne COCQUEBERT,COCQUEBERT,Etienne,LAMIH - Automatique,,LAMIH
Vincent COCQUEMPOT,COCQUEMPOT,Vincent,CRIStAL - TOPSYS,,CRIStAL
Patrick COIRAULT,COIRAULT,Patrick,,,
Guillaume COLIN,COLIN,Guillaume,,,
Joël COLLOC,COLLOC,Joël,,UMR 6266 CNRS IDEES-Le Havre (Section 39 CNRS),
Alessandro COLOTTI,COLOTTI,Alessandro,LS2N - OGRE,,LS2N
Christophe COMBASTEL,COMBASTEL,Christophe,IMS - Automatique,,IMS
Célestine COMMENGE,COMMENGE,Célestine,DISP,,DISP
Wendpuiré Ousmane COMPAORRE,COMPAORRE,Wendpuiré Ousmane,,IRSEEM,IRSEEM
Jean-Philippe CONDOMINES,CONDOMINES,Jean-Philippe,,,MAIAA
Thomas CONORD,CONORD,Thomas,LAAS-CNRS - MAC,,LAAS-CNRS
Blaise CONRARD,CONRARD,Blaise,CRIStAL - TOPSYS,,CRIStAL
Hervé COPPIER,COPPIER,Hervé,,SYMADE,
Christophe Corbier,Corbier,Christophe,,UJM,LASPI
Schlosser CORBINIAN,CORBINIAN,Schlosser,,"INRIA Paris Centre, equipe Sierra",INRIA
Laurent CORDIER,CORDIER,Laurent,,Pprime,Institut P’
Alessandro CORREA-VICTORINO,CORREA-VICTORINO,Alessandro,HEUDIASYC,,
Guillermo CORTES ROBLES,CORTES ROBLES,Guillermo,,Génie Industriel,
Léa Cot,Cot,Léa,,Institut de Mathématiques de Toulouse,
Bertrand COTTENCEAU,COTTENCEAU,Bertrand,LARIS - SDO,,LARIS
Thierry COUDERT,COUDERT,Thierry,LGP - Systèmes,,LGP
Francoise COUENNE,COUENNE,Francoise,LAGEPP - DYCOP,,LAGEPP
Anthony COUTHURES,COUTHURES,Anthony,CRAN - CID,,CRAN
Pierre COUTURIER,COUTURIER,Pierre,,ISOAR - LSR,CERIS
Jean-charles CREPUT,CREPUT,Jean-charles,,"CIAD UMR 7533, Univ. Bourgogne Franche-Comté, UTBM, F-90010 Belfort, France",
Didier CRESTANI,CRESTANI,Didier,LIRMM - Robotique,,LIRMM
Christelle CUMER,CUMER,Christelle,ONERA - DTIS,,ONERA
Loïc CUVILLON,CUVILLON,Loïc,ICUBE - RDH,,ICUBE
Catherine DA CUNHA,DA CUNHA,Catherine,LS2N - CPS3,,LS2N
Joanna DAABOUL,DAABOUL,Joanna,Roberval - SIPP,,
Jamal DAAFOUZ,DAAFOUZ,Jamal,CRAN - CID,,CRAN
Nicolas DACLIN,DACLIN,Nicolas,,Laboratoire des Sciences des Risques,CERIS
El Mouloudi DAFAOUI,DAFAOUI,El Mouloudi,,EA n°7393/MGSI,
Baudouin DAFFLON,DAFFLON,Baudouin,DISP,,
Mohammed Dahane,Dahane,Mohammed,,"Laboratoire de Génie Informatique, de Production et de Maintenance",LGIPM
Karim DAHIA,DAHIA,Karim,ONERA - DTIS,,
Louis DAMBACHER,DAMBACHER,Louis,,MRSI,Institut Pascal
Michel DAMBRINE,DAMBRINE,Michel,LAMIH - Automatique,,LAMIH
Julien DAMERS,DAMERS,Julien,,,
Gilney DAMM,DAMM,Gilney,,COSYS,Université Gustave Eiffel
Patrick DANÈS,DANÈS,Patrick,,LAAS-CNRS Équipe RAP,LAAS-CNRS
The Anh Tuan DANG,DANG,The Anh Tuan,,,
Nicolas Danloup,Danloup,Nicolas,,,LGI2A
Stéphane DAUZÈRE-PÉRÈS,DAUZÈRE-PÉRÈS,Stéphane,LIMOS - ODPS,,LIMOS
Pierre DAVID,DAVID,Pierre,G-SCOP,,G-SCOP
Jonathan DE BRUSSE,DE BRUSSE,Jonathan,CRAN - CID,,CRAN
Roland DE GUIO,DE GUIO,Roland,ICUBE - CSIP,,ICUBE
Raul DE LACERDA,DE LACERDA,Raul,,L2S iPhyCom,L2S
Jérôme DE MIRAS,DE MIRAS,Jérôme,HEUDIASYC,,HEUDIASYC
Serge Debernard,Debernard,Serge,LAMIH - Automatique,,LAMIH
Philippe DECLERCK,DECLERCK,Philippe,LARIS - SDO,,LARIS
Michael DEFOORT,DEFOORT,Michael,LAMIH - Automatique,,LAMIH
Loïck DEGORRE,DEGORRE,Loïck,,LabSTICC - ROBEX,Lab-STICC
Pierre DEHOMBREUX,DEHOMBREUX,Pierre,,60 (Génie mécanique),GMECA
Emmanuel DELALEAU,DELALEAU,Emmanuel,,Institut de recherche Dupuy de Lôme /  École nationale d'ingénieurs de Brest,
Cédric DELATTRE,DELATTRE,Cédric,CRAN - CID,,CRAN
Bernard DELMOTTE,DELMOTTE,Bernard,,,
Sylvain DELOBEL,DELOBEL,Sylvain,LAMIH - Automatique,,LAMIH
Xavier DELORME,DELORME,Xavier,LIMOS - ODPS,,LIMOS
David DELOUCHE,DELOUCHE,David,PRISME - IRAUS,,PRISME
Estelle DELOUX,DELOUX,Estelle,,LIST3N équipe M2S,
Romain DELPOUX,DELPOUX,Romain,Ampere - Dept. AIS,,Ampere
Sébastien DELPRAT,DELPRAT,Sébastien,LAMIH - Automatique,,LAMIH
Frédéric DEMOLY,DEMOLY,Frédéric,,Département CO2M,ICB
Isabel DEMONGODIN,DEMONGODIN,Isabel,LIS - ACS,,
Daniel DENARDI HUFF,DENARDI HUFF,Daniel,GIPSA-lab - MODUS,,GIPSA-lab
Dominique DENEUX,DENEUX,Dominique,LAMIH - Automatique,,LAMIH
Lilianne DENISVIDAL,DENISVIDAL,Lilianne,,,
Maxence DENU,DENU,Maxence,G-SCOP,,G-SCOP
Daniel DEPERNET,DEPERNET,Daniel,,FEMTO-ST - ENERGIE,FEMTO-ST
Antoine DEQUIDT,DEQUIDT,Antoine,LAMIH - Automatique,,LAMIH
William DERIGENT,DERIGENT,William,CRAN - MPSI,,CRAN
Laurent DEROUSSI,DEROUSSI,Laurent,LIMOS - ODPS,,LIMOS
Jean-christophe DESCHAMPS,DESCHAMPS,Jean-christophe,IMS - Productique,,IMS
Xavier DESFORGES,DESFORGES,Xavier,LGP - Systèmes,,LGP
Loïc DESGEORGES,DESGEORGES,Loïc,CRAN - MPSI,,CRAN
Olivier DEVISE,DEVISE,Olivier,,Institut Pascal (UMR CNRS 6602),Institut Pascal
Gerald DHERBOMEZ,DHERBOMEZ,Gerald,CRIStAL - TOPSYS,,CRIStAL
Michael DI LORETO,DI LORETO,Michael,Ampere - Dept. AIS,,Ampere
Maria DI MASCOLO,DI MASCOLO,Maria,G-SCOP,,
Florent DI MEGLIO,DI MEGLIO,Florent,,,CAS
Ali DIAB,DIAB,Ali,L2S - MODESTY,,L2S
Florian DIETRICH,DIETRICH,Florian,ONERA - DTIS,,
Jean Yves DIEULOT,DIEULOT,Jean Yves,CRIStAL - TOPSYS,,CRIStAL
Ngoc Thach Dinh,Dinh,Ngoc Thach,,CEDRIC LAETITIA,CEDRIC
Sette DIOP,DIOP,Sette,L2S - MODESTY,,L2S
Thierry DIVOUX,DIVOUX,Thierry,CRAN - MPSI,,CRAN
Oussama DJADANE,DJADANE,Oussama,,MIS COVE,MIS
Mounir DJEDDI,DJEDDI,Mounir,,,
Walid DJEMA,DJEMA,Walid,,BIOCORE - INRIA SOPHIA ANTIPOLIS,L2S
Mohamed DJEMAI,DJEMAI,Mohamed,LAMIH - Automatique,,LAMIH
Rony Arsène DJEUNANG MEZAFACK,DJEUNANG MEZAFACK,Rony Arsène,G-SCOP,,
Phuc DO,DO,Phuc,CRAN - MPSI,,CRAN
Minh-Phuoc DOAN,DOAN,Minh-Phuoc,IMS - Productique,,IMS
Michael DÖHLER,DÖHLER,Michael,,Inria,INRIA Rennes
Christophe DOIGNON,DOIGNON,Christophe,ICUBE - RDH,,ICUBE
Alexandre DOLGUI,DOLGUI,Alexandre,,LS2N-Modelis,LS2N
Emmanuel DORE,DORE,Emmanuel,,Roberval,Roberval
Manon DORÉ,DORÉ,Manon,LAAS-CNRS - MAC,,LAAS-CNRS
Alex DOS REIS DE SOUZA,DOS REIS DE SOUZA,Alex,ONERA - DTIS,,ONERA
Valérie DOS SANTOS MARTINS,DOS SANTOS MARTINS,Valérie,,DRIVE,
Vincent DREVELLE,DREVELLE,Vincent,,IRISA - RAINBOW,IRISA
Ayoub DRISSI,DRISSI,Ayoub,,,CRAN
Adrien DROUOT,DROUOT,Adrien,FEMTO-ST - AS2M,,FEMTO-ST
Sebastien DUBOIS,DUBOIS,Sebastien,ICUBE - CSIP,,ICUBE
Guillaume DUCELLIER,DUCELLIER,Guillaume,,LIST3N,
Yves DUCQ,DUCQ,Yves,IMS - Productique,,IMS
Florent DUCULTY,DUCULTY,Florent,PRISME - IRAUS,,PRISME
Stéphane DUDRET,DUDRET,Stéphane,,,
Pascal DUFOUR,DUFOUR,Pascal,LAGEPP - DYCOP,,LAGEPP
Maryvonne DULMET,DULMET,Maryvonne,,,
Emil DUMITRESCU,DUMITRESCU,Emil,Ampere - Dept. AIS,,Ampere
Didier DUMUR,DUMUR,Didier,L2S - SYCOMORE,,L2S
Rémy DUPAS,DUPAS,Rémy,IMS - Productique,,IMS
Nicolas DUPIN,DUPIN,Nicolas,,Université d'Angers,LIMSI
Sylvain DURAND,DURAND,Sylvain,ICUBE - RDH,,ICUBE
Severine DURIEUX,DURIEUX,Severine,,Institut Pascal - équipe M3G,Institut Pascal
Alexandre DURUPT,DURUPT,Alexandre,,"Roberval, Systèmes intégrés Produit-Process",Roberval
Claude DUVALLET,DUVALLET,Claude,,NORMASTIC,LITIS
Damien EBERARD,EBERARD,Damien,Ampere - Dept. AIS,,Ampere
Aurélie EDOUARD,EDOUARD,Aurélie,,,
Rocha Loures Eduardo,Eduardo,Rocha Loures,,,
Denis EFIMOV,EFIMOV,Denis,CRIStAL - CO2,,CRIStAL
Maan EL BADAOUI EL NAJJAR,EL BADAOUI EL NAJJAR,Maan,CRIStAL - TOPSYS,,CRIStAL
Ahmed EL HAJJAJI,EL HAJJAJI,Ahmed,,,MIS
Samir EL KHATTABI,EL KHATTABI,Samir,CRIStAL - TOPSYS,,CRIStAL
Yousra EL KIHEL,EL KIHEL,Yousra,IMS - Productique,,IMS
Abdelhafid EL OUARDI,EL OUARDI,Abdelhafid,,SATIE,SATIE
Simon ENJALBERT,ENJALBERT,Simon,LAMIH - Automatique,,LAMIH
Lucas EQUETER,EQUETER,Lucas,,,
Cédric ESCUDERO,ESCUDERO,Cédric,Ampere - Dept. AIS,,Ampere
Yasamin ESLAMI,ESLAMI,Yasamin,LS2N - CPS3,,LS2N
Marie-Laure ESPINOUSE,ESPINOUSE,Marie-Laure,G-SCOP,,G-SCOP
Nicolas ESPITIA,ESPITIA,Nicolas,CRIStAL - CO2,,CRIStAL
Najib ESSOUNBOULI,ESSOUNBOULI,Najib,CReSTIC - ATS,,CReSTIC
Alain ETIENNE,ETIENNE,Alain,,LCFC - EA4495,LCFC
Benoit EYNARD,EYNARD,Benoit,,Roberval,Roberval
Maurice FADEL,FADEL,Maurice,,LAPLACE- CODIASE,LAPLACE
Abderrahmane FADIL,FADIL,Abderrahmane,,,
Gregory FARAUT,FARAUT,Gregory,LURPA,,LURPA
Christophe FARGES,FARGES,Christophe,IMS - Automatique,,IMS
Nadir FARHI,FARHI,Nadir,,Cosys/Grettia Université Gustave Eiffel,
Katyanne FARIAS,FARIAS,Katyanne,LIMOS - ODPS,,LIMOS
Pascale FARTHOUAT,FARTHOUAT,Pascale,IMS - Productique,,IMS
Mondher FARZA,FARZA,Mondher,LIS (CAEN),,
Dominique Feillet,Feillet,Dominique,LIMOS - ODPS,,LIMOS
Remiel FENO,FENO,Remiel,,,
Soheib FERGANI,FERGANI,Soheib,LAAS-CNRS - DISCO,,LAAS-CNRS
Gilles FERRERES,FERRERES,Gilles,ONERA - DTIS,,ONERA
Philippe FEYEL,FEYEL,Philippe,,,
Orhan FEYZIOGLU,FEYZIOGLU,Orhan,LIMOS - ODPS,,LIMOS
Mirko Fiacchini,Fiacchini,Mirko,GIPSA-lab - MODUS,,GIPSA-lab
Ioana Anca FILIPAS DENIAUD,FILIPAS DENIAUD,Ioana Anca,,"BETA, UMR 7522 du CNRS",BETA
Christophe FITER,FITER,Christophe,CRIStAL - CO2,,CRIStAL
Christian FLECK,FLECK,Christian,,,
Michel FLIESS,FLIESS,Michel,,"LIX, École polytechnique",LIX
Julien FLOQUET,FLOQUET,Julien,ONERA - DTIS,,ONERA
Thierry FLOQUET,FLOQUET,Thierry,CRIStAL - CO2,,CRIStAL
Jean Pierre FOLCHER,FOLCHER,Jean Pierre,,,LAGRANGE
David FOLIO,FOLIO,David,PRISME - IRAUS,,PRISME
Julien FONDREVELLE,FONDREVELLE,Julien,DISP,,
Robert FONOD,FONOD,Robert,,,
Stéphane FONT,FONT,Stéphane,L2S - SYCOMORE,,L2S
Franck FONTANILI,FONTANILI,Franck,,CGI,CGI
Christophe Fonte,Fonte,Christophe,CRAN - CID,,CRAN
Aïcha FONTE,FONTE,Aïcha,PRISME - IRAUS,,PRISME
Mitra Fouladirad,Fouladirad,Mitra,,AIX MARSEILLE UNIVERSITE M2P2,ICD
Hassen FOURATI,FOURATI,Hassen,GIPSA-lab - DANCE,,GIPSA-lab
Chiara FRANCIOSI,FRANCIOSI,Chiara,CRAN - MPSI,,CRAN
Julien FRANCOIS,FRANCOIS,Julien,IMS - Productique,,IMS
Rauscher FRANCOIS,FRANCOIS,Rauscher,,UTT ICD labo LIST3N,ICD
Bruno FRANCOIS,FRANCOIS,Bruno,,Centrale Lille - L2EP,L2EP
Paolo FRASCA,FRASCA,Paolo,GIPSA-lab - DANCE,,GIPSA-lab
Florent FRIZON DE LAMOTTE,FRIZON DE LAMOTTE,Florent,,Lab-STICC Shaker,Lab-STICC
Matthieu FRUCHARD,FRUCHARD,Matthieu,PRISME - IRAUS,,PRISME
Jean-Denis GABANO,GABANO,Jean-Denis,LIAS - A&S,,LIAS
Jaafar GABER,GABER,Jaafar,,FEMTO-ST-DISC,
Paul GABORIT,GABORIT,Paul,,CGI - Centre de Génie Industriel,CGI
Alex GABRIEL,GABRIEL,Alex,ERPI,,ERPI
François GALASSO,GALASSO,François,,,
Clément GALETTA,GALETTA,Clément,,,
Sylvie GALICHET,GALICHET,Sylvie,,,LISTIC
Stéphane GALLAND,GALLAND,Stéphane,,Laboratoire Connaissance et Intelligence Artificielle Distribuées (CIAD),
Fabienne GARCIA,GARCIA,Fabienne,,,
Luis Rodolfo GARCIA CARRILLO,GARCIA CARRILLO,Luis Rodolfo,,New Mexico State University,
Federica Garin,Garin,Federica,GIPSA-lab - DANCE,,GIPSA-lab
Hugues GARNIER,GARNIER,Hugues,CRAN - CID,,CRAN
Pierre-Loïc GAROCHE,GAROCHE,Pierre-Loïc,,ENAC LAB,
Eric GASCARD,GASCARD,Eric,G-SCOP,,G-SCOP
Guillaume GASNIER,GASNIER,Guillaume,GIPSA-lab - DANCE,,GIPSA-lab
Gabriel GATTAUX,GATTAUX,Gabriel,,Institut des Sciences du Mouvement - Equipe Systeme Bio-Inspirée,ISM
Jean-paul GAUBERT,GAUBERT,Jean-paul,LIAS - A&S,,LIAS
Michaël GAUTHIER,GAUTHIER,Michaël,FEMTO-ST - AS2M,,FEMTO-ST
Jean-Yves GAUTHIER,GAUTHIER,Jean-Yves,Ampere - Dept. AIS,,Ampere
Jean-Philippe GAYON,GAYON,Jean-Philippe,LIMOS - ODPS,,LIMOS
Xihe GE,GE,Xihe,LGI,,LGI
Olivier GEHAN,GEHAN,Olivier,LIS (CAEN),,
Anne Lise GEHIN,GEHIN,Anne Lise,CRIStAL - TOPSYS,,CRIStAL
Shahin Gelareh,Gelareh,Shahin,,LGI2A,LGI2A
François GELLOT,GELLOT,François,CReSTIC - ATS,,CReSTIC
Dominique GENDREAU,GENDREAU,Dominique,FEMTO-ST - AS2M,,FEMTO-ST
Laurent GENESTE,GENESTE,Laurent,LGP - Systèmes,,LGP
Denis GENON-CATALOT,GENON-CATALOT,Denis,,Laboratoire de Conception et d'Intégration des Systèmes LCIS -EA 3747,LCIS
Marie Helene Gentil,Gentil,Marie Helene,IMS - Productique,,IMS
Jean-Philippe GEORGES,GEORGES,Jean-Philippe,CRAN - MPSI,,CRAN
Didier GEORGES,GEORGES,Didier,GIPSA-lab - Infinity,,GIPSA-lab
Malek GHANES,GHANES,Malek,LS2N - CODEx,,LS2N
Mohamed GHAZEL,GHAZEL,Mohamed,,,
Fatima GHEDJATI,GHEDJATI,Fatima,CReSTIC - ATS,,CReSTIC
Dany GHRAIZI,GHRAIZI,Dany,HEUDIASYC,,HEUDIASYC
Paolo GIANESSI,GIANESSI,Paolo,LIMOS - ODPS,,LIMOS
Thierry GIDEL,GIDEL,Thierry,,COSTECH EA 2223,
Marion GILSON BAGREL,GILSON BAGREL,Marion,CRAN - CID,,CRAN
Antoine GIRARD,GIRARD,Antoine,L2S - COMEDY,,L2S
Fouad GIRI,GIRI,Fouad,,,
Karen GODARY DEJEAN,GODARY DEJEAN,Karen,LIRMM - Robotique,,LIRMM
Augustin GODINOT,GODINOT,Augustin,,INRIA/IRISA WIDE,IRISA
Emmanuel GODOY,GODOY,Emmanuel,L2S - SYCOMORE,,L2S
Virginie GOEPP,GOEPP,Virginie,ICUBE - CSIP,,ICUBE
Alexandre GOLDSZTEJN,GOLDSZTEJN,Alexandre,LS2N - OGRE,,LS2N
Gilles GONCALVES,GONCALVES,Gilles,,LGI2A-Laboratoire de Génie Informatique et d'Automatique de l'Artois - UR 3926,
Simon GORECKI,GORECKI,Simon,IMS - Productique,,IMS
Frederic GOUAISBAUT,GOUAISBAUT,Frederic,LAAS-CNRS - MAC,,LAAS-CNRS
Eric Goubault,Goubault,Eric,,LIX,LIX
Philippe GOUPIL,GOUPIL,Philippe,,,
Didier GOURC,GOURC,Didier,,Centre Génie Industriel,CGI
Michel GOURGAND,GOURGAND,Michel,LIMOS - ODPS,,LIMOS
Rafael GOURIVEAU,GOURIVEAU,Rafael,FEMTO-ST - AS2M,,FEMTO-ST
Marc GOUTTEFARDE,GOUTTEFARDE,Marc,LIRMM - Robotique,,LIRMM
Jean-Luc GOUZE,GOUZE,Jean-Luc,,,
Antoine GRALL,GRALL,Antoine,,LIST3N équipe M2S,
Nathalie GRANGEON,GRANGEON,Nathalie,LIMOS - ODPS,,LIMOS
Pierre GRANJON,GRANJON,Pierre,,,
Luca Greco,Greco,Luca,L2S - COMEDY,,L2S
Stéphane GRIEU,GRIEU,Stéphane,,PROMES-CNRS (UPR 8521),PROMES
Lou GRIMAL,GRIMAL,Lou,,INSYTE,
Frédéric GRIMAUD,GRIMAUD,Frédéric,LIMOS - ODPS,,LIMOS
Maxime GROSSO,GROSSO,Maxime,,,CRAN
Elise GRUHIER,GRUHIER,Elise,,,I2M
Lucas GRUSS,GRUSS,Lucas,,,LS2N
Dominique GRUYER,GRUYER,Dominique,,PICS-L,
David GUCIK DERIGNY,GUCIK DERIGNY,David,IMS - Automatique,,IMS
Herve GUEGUEN,GUEGUEN,Herve,IETR - AUT,,IETR
Kevin GUELTON,GUELTON,Kevin,CReSTIC - ATS,,CReSTIC
Christelle GUÉRET,GUÉRET,Christelle,LARIS - SDO,,LARIS
Clément GUERIN,GUERIN,Clément,,Lab-STICC équipe FHOOX,Lab-STICC
Thierry Marie GUERRA,GUERRA,Thierry Marie,LAMIH - Automatique,,LAMIH
Khaled GUERRAICHE,GUERRAICHE,Khaled,,,
Kamel GUESMI,GUESMI,Kamel,CReSTIC - ATS,,CReSTIC
Frédéric GUINAND,GUINAND,Frédéric,,LITIS - RI2C,LITIS
Alain GUINET,GUINET,Alain,DISP,,
Evgeny GUREVSKY,GUREVSKY,Evgeny,,LS2N - MODELIS,LS2N
Lilia GZARA,GZARA,Lilia,DISP,,
Mohamed HABIB ZAHMANI,HABIB ZAHMANI,Mohamed,,Laboratoire d'Informatique d'Oran,
Ahmad HABLY,HABLY,Ahmad,GIPSA-lab - COPERNIC,,GIPSA-lab
Hichem HADDOU BENDERBAL,HADDOU BENDERBAL,Hichem,LIS - ACS,,LIS
Khaled HADJ HAMOU,HADJ HAMOU,Khaled,DISP,,
Yassine HADJADJ-AOUL,HADJADJ-AOUL,Yassine,,IRISA - ERMINE,IRISA
Pierre HAESSIG,HAESSIG,Pierre,IETR - AUT,,IETR
Ihab HAIDAR,HAIDAR,Ihab,QUARTZ - ANLER,,QUARTZ
Alain HAÏT,HAÏT,Alain,,ISAE-SUPAERO,ISAE-DMIA
Zied HAJEJ,HAJEJ,Zied,,LGIPM,LGIPM
Nadia HAMANI,HAMANI,Nadia,,,LTI
Mohamed Assaad HAMIDA,HAMIDA,Mohamed Assaad,LS2N - CODEx,,LS2N
Slim HAMMADI,HAMMADI,Slim,,CRISTAL-OSL,CRIStAL
Moncef HAMMADI,HAMMADI,Moncef,QUARTZ - ANLER,,QUARTZ
Xue HAN,HAN,Xue,LIS (CAEN),,LIS (CAEN)
Masih HANIFI,HANIFI,Masih,ICUBE - CSIP,,ICUBE
Mohamed Amine HARAOUBIA,HARAOUBIA,Mohamed Amine,CReSTIC - ATS,,CReSTIC
Jean Philippe HARCAUT,HARCAUT,Jean Philippe,,,
Jérôme HARMAND,HARMAND,Jérôme,,Laboratoire de Biotechnologie de l'Environnement,
Alaa HASSAN,HASSAN,Alaa,ERPI,,ERPI
Shahin HEDAYATI KIA,HEDAYATI KIA,Shahin,,COVE,MIS
Thomas HELIE,HELIE,Thomas,,"STMS (UMR9912, IRCAM-CNRS-SU), Equipe S3AM",IRCAM - CNRS UMR 9912 STMS
Didier HENRION,HENRION,Didier,LAAS-CNRS - POP,,LAAS-CNRS
Camille Henrot,Henrot,Camille,LAAS-CNRS - MAC,,LAAS-CNRS
David HENRY,HENRY,David,IMS - Automatique,,IMS
Sébastien HENRY,HENRY,Sébastien,DISP,,
Bruno HÉRISSÉ,HÉRISSÉ,Bruno,ONERA - DTIS,,
Cédric HERPSON,HERPSON,Cédric,,LIP6 - SMA,LIP6
Martin HERVÉ DE BEAULIEU,HERVÉ DE BEAULIEU,Martin,CRAN - CID,,CRAN
Laurentiu HETEL,HETEL,Laurentiu,CRIStAL - CO2,,CRIStAL
Thibault HILAIRE,HILAIRE,Thibault,,LIP6 - Pequan,LIP6
Mickaël HILAIRET,HILAIRET,Mickaël,LS2N - CODEx,,LS2N
Benoit HILT,HILT,Benoit,,IRIMAS,IRIMAS
Yannick HOARAU,HOARAU,Yannick,,ICube,
Ghaleb HOBLOS,HOBLOS,Ghaleb,,IRSEEM,IRSEEM
Abbas HOMAYOUNI-AMLASHI,HOMAYOUNI-AMLASHI,Abbas,FEMTO-ST - AS2M,,FEMTO-ST
Hector HOSTOS,HOSTOS,Hector,ICUBE - CSIP,,ICUBE
Aurélian HOUÉ,HOUÉ,Aurélian,,,Lab-STICC
Raymond HOUE NGOUNA,HOUE NGOUNA,Raymond,LGP - Systèmes,,LGP
Remy HOUSSIN,HOUSSIN,Remy,ICUBE - CSIP,,ICUBE
Laurent HOUSSIN,HOUSSIN,Laurent,,,
Vincent HOVELAQUE,HOVELAQUE,Vincent,,UMR CNRS CREM,
Benoit HUARD,HUARD,Benoit,LIAS - A&S,,LIAS
Jean-Charles HUET,HUET,Jean-Charles,,EFREI Research Lab,
Anne-lise HUYET,HUYET,Anne-lise,,,Institut Pascal
Khac Tuan HUYNH,HUYNH,Khac Tuan,,M2S (Modélisation et Sûreté des Systèmes),ICD
Dalil ICHALAL,ICHALAL,Dalil,,,IBISC
Sara IFQIR,IFQIR,Sara,,SOFTE,CRIStAL
Walid IJASSI,IJASSI,Walid,G-SCOP,,
Hocine IMINE,IMINE,Hocine,,PICS-L,Université Gustave Eiffel
Benoit IUNG,IUNG,Benoit,CRAN - MPSI,,CRAN
Elena IVANOVA,IVANOVA,Elena,,U2IS,
Béatrice JACQUIER,JACQUIER,Béatrice,ONERA - DTIS,,ONERA-DTIS
Alexandre JANOT,JANOT,Alexandre,ONERA - DTIS,,
Carine JAUBERTHIE,JAUBERTHIE,Carine,LAAS-CNRS - DISCO,,LAAS-CNRS
Luc JAULIN,JAULIN,Luc,Lab-STICC - ROBEX,,Lab-STICC
Camille JEAN,JEAN,Camille,,LCPI,CPI
Warid JEDIDI,JEDIDI,Warid,,,
Ziad JEMAI,JEMAI,Ziad,LGI,,LGI
Christophe JERMANN,JERMANN,Christophe,LS2N - OGRE,,LS2N
Mayank Shekhar JHA,JHA,Mayank Shekhar,CRAN - CID,,
Jose Fernando JIMENEZ,JIMENEZ,Jose Fernando,,SYMME,
laurent Joblot,Joblot,laurent,,"Arts et Metiers Institute of Technology, LISPEN, HESAM Université, UBFC, F-71100 Chalon-Sur-Saône, France",
Cédric JOIN,JOIN,Cédric,CRAN - CID,,CRAN
Jeanclaude JOLLY,JOLLY,Jeanclaude,LARIS - SDO,,LARIS
Thomas JOSSO-LAURAIN,JOSSO-LAURAIN,Thomas,,IRIMAS,IRIMAS
Nathalie JULIEN,JULIEN,Nathalie,,Lab-STICC SHARP-SHAKER,
Marc JUNGERS,JUNGERS,Marc,CRAN - CID,,CRAN
William JUSSIAU,JUSSIAU,William,,,ONERA-DTIS
Zohra KADER,KADER,Zohra,,"Laboratoire Laplace, équipe CODIASE",LAPLACE
MOHAMED SOFIENE KADRI,KADRI,MOHAMED SOFIENE,FEMTO-ST - AS2M,,FEMTO-ST
Maya Kallas,Kallas,Maya,CRAN - CID,,CRAN
Mohamed Ali KAMMOUN,KAMMOUN,Mohamed Ali,GIPSA-lab - MODUS,,GIPSA-lab
Bernard KAMSU-FOGUEM,KAMSU-FOGUEM,Bernard,LGP - Systèmes,,LGP
Soha KANSO,KANSO,Soha,CRAN - CID,,CRAN
Redouane KARA,KARA,Redouane,,,
Kemih KARIM,KARIM,Kemih,,Université de Jijel,
Felipe KATAOKA ISHIKAWA,KATAOKA ISHIKAWA,Felipe,,"UMR7271 I3S, SIS Research Team",
Mouna KCHAOU,KCHAOU,Mouna,,UAE University,
Jean-Yves Keller,Keller,Jean-Yves,,Aucun,
Yannick KERGOSIEN,KERGOSIEN,Yannick,,LIFAT,LI
Pauline KERGUS,KERGUS,Pauline,,LAPLACE - CODIASE,
Lyes KERMAD,KERMAD,Lyes,,QUARTZ-DD,QUARTZ
Romain Kervarc,Kervarc,Romain,ONERA - DTIS,,ONERA
Selma Afakh KHADER,KHADER,Selma Afakh,,Cret-Log,CRET-LOG
Said KHARRAJA,KHARRAJA,Said,,LASPI,
ABDELHAKIM KHATAB,KHATAB,ABDELHAKIM,,LGIPM,LGIPM
Elias KHOURY,KHOURY,Elias,,,
Alain KIBANGOU,KIBANGOU,Alain,GIPSA-lab - DANCE,,GIPSA-lab
Thameur KIDAR,KIDAR,Thameur,,,
Michel KIEFFER,KIEFFER,Michel,,,L2S
Moez KILANI,KILANI,Moez,,"CNRS UMR 9221, Lille Econonomie Management (LEM)",
Nathalie KLEMENT,KLEMENT,Nathalie,,LISPEN,
Dominique KNITTEL,KNITTEL,Dominique,,LEM3,
Denis KOALA,KOALA,Denis,G-SCOP,,
Christophe KOLSKI,KOLSKI,Christophe,,LAMIH - Informatique,LAMIH
Milan KORDA,KORDA,Milan,LAAS-CNRS - POP,,LAAS-CNRS
Elena KORNYSHOVA,KORNYSHOVA,Elena,,,CEDRIC
Mahuklo Florent KOUDOHODE,KOUDOHODE,Mahuklo Florent,LAAS-CNRS - MAC,,LAAS-CNRS
Mohamed KOUKI,KOUKI,Mohamed,,e-ACE2,LGP
Arthur KRAMER,KRAMER,Arthur,LIMOS - ODPS,,LIMOS
Frédéric KRATZ,KRATZ,Frédéric,PRISME - IRAUS,,PRISME
Jérémie KREISS,KREISS,Jérémie,CRAN - CID,,CRAN
Nicolas KROMMENACKER,KROMMENACKER,Nicolas,CRAN - MPSI,,CRAN
Alexandre KRUSZEWSKI,KRUSZEWSKI,Alexandre,CRIStAL - CO2,,CRIStAL
Nacima LABADIE,LABADIE,Nacima,,LIST3N-Laboratoire d'Informatique et Société Numérique,
Mohamed Aymen LABIOD,LABIOD,Mohamed Aymen,,LISSI,LISSI
Yann LABIT,LABIT,Yann,,"LAAS-CNRS, EQ SARA",LAAS-CNRS
Philippe LACOMME,LACOMME,Philippe,,LIMOS,LIMOS
Anne-Laure Ladier,Ladier,Anne-Laure,DISP,,
Mariam LAFKIHI,LAFKIHI,Mariam,,,CGS
Pascal LAFON,LAFON,Pascal,,LASMIS,
Frédéric LAFONT,LAFONT,Frédéric,LIS - ACS,,LIS
Yoni LAHANA,LAHANA,Yoni,LAAS-CNRS - MAC,,LAAS-CNRS
Sébastien LAHAYE,LAHAYE,Sébastien,LARIS - SDO,,LARIS
Alexis LALEVÉE,LALEVÉE,Alexis,,"UR InSyTE - Univ. de Technologie de Troyes // ECP, groupe Assystem",
Marc LAMBERT,LAMBERT,Marc,,,INRIA
Guillaume LAMÉ,LAMÉ,Guillaume,LGI,,LGI
Françoise LAMNABHI-LAGARRIGUE,LAMNABHI-LAGARRIGUE,Françoise,L2S - MODESTY,,L2S
Myriam LAMOLLE,LAMOLLE,Myriam,,LIASD - Espaces Intelligents de Données,LIASD
Samir LAMOURI,LAMOURI,Samir,LAMIH - Automatique,,LAMIH
Damien LAMY,LAMY,Damien,LIMOS - ODPS,,LIMOS
Yves LANGERON,LANGERON,Yves,,UR List3n - équipe M2S - Modèlisation & Sûreté des Systèmes,ICD
Nicolas LANGLOIS,LANGLOIS,Nicolas,,IRSEEM UR4353,IRSEEM
Kokou LANGUEH,LANGUEH,Kokou,,CERI-SN / Equipe McLEOD,
Patrick LANUSSE,LANUSSE,Patrick,IMS - Automatique,,IMS
bertrand laratte,laratte,bertrand,LAMIH - Automatique,,LAMIH
Pierre Laroche,Laroche,Pierre,,LCOMS - Axe Décision et Optimisation,LCOMS
Florent LAROCHE,LAROCHE,Florent,LS2N - CPS3,,LS2N
Edouard LAROCHE,LAROCHE,Edouard,ICUBE - RDH,,ICUBE
Jimmy LAUBER,LAUBER,Jimmy,LAMIH - Automatique,,LAMIH
Fabien Lauer,Lauer,Fabien,,LORIA-ABC,LORIA
Jean-philippe LAUFFENBURGER,LAUFFENBURGER,Jean-philippe,,IRIMAS-ASI/MIAM,IRIMAS
Frederic LAUNAY,LAUNAY,Frederic,LIAS - A&S,,LIAS
Vincent LAURAIN,LAURAIN,Vincent,CRAN - CID,,CRAN
Matthieu LAURAS,LAURAS,Matthieu,,,CGI
Guillaume LAURENT,LAURENT,Guillaume,FEMTO-ST - AS2M,,FEMTO-ST
Laurent LAVAL,LAVAL,Laurent,QUARTZ - ANLER,,QUARTZ
Jannik Laval,Laval,Jannik,DISP,,
Fabrice LE BARS,LE BARS,Fabrice,Lab-STICC - ROBEX,,Lab-STICC
Patrick Le Blaye,Le Blaye,Patrick,ONERA - DTIS,,ONERA
Ronan LE BRETON,LE BRETON,Ronan,,Laboratoire de Génie Civil et Génie Mécanique - Axe étalonnage et commande des systèmes robotisés,
Julie LE CARDINAL,LE CARDINAL,Julie,LGI,,LGI
Adrien LE COENT,LE COENT,Adrien,,LACL,
Euriell LE CORRONC,LE CORRONC,Euriell,LAAS-CNRS - DISCO,,LAAS-CNRS
Julien LE DUIGOU,LE DUIGOU,Julien,Roberval - SIPP,,
Yann LE GORREC,LE GORREC,Yann,FEMTO-ST - AS2M,,FEMTO-ST
Marie Véronique LE LANN,LE LANN,Marie Véronique,LAAS-CNRS - DISCO,,LAAS-CNRS
Stéphane Le Ménec,Le Ménec,Stéphane,,,
Maria LEBBAR,LEBBAR,Maria,,Equipe Maroc,LISMMA
Guy LEBRET,LEBRET,Guy,LS2N - CODEx,,LS2N
maximilien leclercq,leclercq,maximilien,,,
Vincent LECUIRE,LECUIRE,Vincent,CRAN - MPSI,,CRAN
Yale LEE,LEE,Yale,ONERA - DTIS,,ONERA-DTIS
Marie-Anne LEFEBVRE,LEFEBVRE,Marie-Anne,IETR - AUT,,IETR
Dimitri LEFEBVRE,LEFEBVRE,Dimitri,,GREAH,GREAH
Arnaud LEFEBVRE,LEFEBVRE,Arnaud,,Aucun,
Eric LEFEVRE,LEFEVRE,Eric,,LGI2A,LGI2A
Laurent LEFÈVRE,LEFÈVRE,Laurent,,"LCIS - Laboratoire de Conception et d'Intégration des Systèmes, équipe Co4Sys",LCIS
Anne LEGAIT CHARPENAY,LEGAIT CHARPENAY,Anne,DISP,,
Jérémy LEGARDEUR,LEGARDEUR,Jérémy,,,ESTIA-Recherche
Arnaud LELEVE,LELEVE,Arnaud,Ampere - Dept. AIS,,Ampere
David LEMOINE,LEMOINE,David,,LS2N MODELIS,LS2N
Francis LEPAGE,LEPAGE,Francis,CRAN - MPSI,,CRAN
Suzanne LESECQ,LESECQ,Suzanne,,CEa-Leti,
Christophe LETELLIER,LETELLIER,Christophe,,CORIA,
Jean LEVINE,LEVINE,Jean,,CAS Dept Maths et Systèmes,CAS
Eric LEVRAT,LEVRAT,Eric,CRAN - MPSI,,CRAN
Mario LEZOCHE,LEZOCHE,Mario,CRAN - MPSI,,CRAN
Hugo LHACHEMI,LHACHEMI,Hugo,L2S - MODESTY,,L2S
Min LI,LI,Min,CRIStAL - CO2,,CRIStAL
Philippe LIMOUSIN,LIMOUSIN,Philippe,,,
Xuefang LIN SHI,LIN SHI,Xuefang,Ampere - Dept. AIS,,Ampere
Ning LIU,LIU,Ning,FEMTO-ST - AS2M,,FEMTO-ST
Chao LIU,LIU,Chao,LIRMM - Robotique,,LIRMM
DAYAN LIU,LIU,DAYAN,PRISME - IRAUS,,PRISME
Jérome LOHÉAC,LOHÉAC,Jérome,CRAN - CID,,CRAN
Pierre LOPEZ,LOPEZ,Pierre,,LAAS-CNRS - ROC,LAAS-CNRS
Thomas LOQUEN,LOQUEN,Thomas,ONERA - DTIS,,
Antonio LORIA,LORIA,Antonio,L2S - MODESTY,,L2S
Morgan LOUEDEC,LOUEDEC,Morgan,Lab-STICC - ROBEX,,Lab-STICC
Jean-Paul LOUIS,LOUIS,Jean-Paul,,,SATIE
Rogelio Lozano,Lozano,Rogelio,HEUDIASYC,,HEUDIASYC
FLAVIEN LUCAS,LUCAS,FLAVIEN,,,
Leandro LUSTOSA,LUSTOSA,Leandro,,ISAE-SUPAERO - DCAS,
Choubeila MAAOUI,MAAOUI,Choubeila,,"LCOMS, axe ENOSIS",LCOMS
Eric MAGAROTTO,MAGAROTTO,Eric,,LAC - PaDiCore,LAC
Mohamed MAGHENEM,MAGHENEM,Mohamed,GIPSA-lab - Infinity,,GIPSA-lab
Florian MAGNANI,MAGNANI,Florian,,,
Victor MAGRON,MAGRON,Victor,LAAS-CNRS - POP,,
Morad MAHDJOUB,MAHDJOUB,Morad,,ELLIADD Pôle ERCOS,
Sonia MAHJOUB,MAHJOUB,Sonia,,,
Jean Luc MAIRE,MAIRE,Jean Luc,,SYMME,SYMME
Maria MAKAROV,MAKAROV,Maria,L2S - SYCOMORE,,L2S
Salma Makboul,Makboul,Salma,,,
Salama MAKNI,MAKNI,Salama,,MIS,
Salama MAKNI,MAKNI,Salama,,MIS - COVE,MIS
Michel MALABRE,MALABRE,Michel,LS2N - CODEx,,LS2N
Rachid MALTI,MALTI,Rachid,IMS - Automatique,,IMS
Sylvain MANGIAROTTI,MANGIAROTTI,Sylvain,,UMR 5126,CESBIO
Fabien MANGIONE,MANGIONE,Fabien,G-SCOP,,
Marie-Ange MANIER,MANIER,Marie-Ange,,FEMTO-ST - DISC,FEMTO-ST
Hervé MANIER,MANIER,Hervé,,FEMTO-ST - DISC,FEMTO-ST
Fabrice MANTELET,MANTELET,Fabrice,,,CPI
Didier MAQUIN,MAQUIN,Didier,CRAN - CID,,CRAN
Pascale MARANGE,MARANGE,Pascale,CRAN - MPSI,,CRAN
Nicolas MARANZANA,MARANZANA,Nicolas,,,
Nicolas MARCHAND,MARCHAND,Nicolas,GIPSA-lab - COPERNIC,,GIPSA-lab
Brunelle MARCHE,MARCHE,Brunelle,ERPI,,ERPI
Bertrand MARCONNET,MARCONNET,Bertrand,,Labecam,
Eva MARKIEWICZ,MARKIEWICZ,Eva,Ampere - Dept. AIS,,Ampere
Wilfrid MARQUIS-FAVRE,MARQUIS-FAVRE,Wilfrid,Ampere - Dept. AIS,,Ampere
Eric MARTIN,MARTIN,Eric,G-SCOP,,
Philippe MARTIN,MARTIN,Philippe,,Centre Automatique et Systèmes (CAS),CAS
Patrick MARTINEAU,MARTINEAU,Patrick,,LIFAT,LI
Sinuhé MARTINEZ,MARTINEZ,Sinuhé,,,
Claude MARTINEZ,MARTINEZ,Claude,LS2N - CPS3,,LS2N
André MARTINEZ,MARTINEZ,André,,,
John Jairo MARTINEZ MOLINA,MARTINEZ MOLINA,John Jairo,GIPSA-lab - SAFE,,GIPSA-lab
Benoît MARX,MARX,Benoît,CRAN - CID,,CRAN
Swann MARX,MARX,Swann,LS2N - CODEx,,LS2N
Julien MARZAT,MARZAT,Julien,ONERA - DTIS,,
Bernhard MASCHKE,MASCHKE,Bernhard,LAGEPP - DYCOP,,LAGEPP
Paolo MASON,MASON,Paolo,L2S - COMEDY,,L2S
Laurent MASSCHELEYN,MASSCHELEYN,Laurent,,,
Paolo Massioni,Massioni,Paolo,Ampere - Dept. AIS,,Ampere
Denis MATIGNON,MATIGNON,Denis,,,ISAE-DMIA
Andrea MATTIONI,MATTIONI,Andrea,GIPSA-lab - Infinity,,GIPSA-lab
Gilles MAURIS,MAURIS,Gilles,,LISTIC,LISTIC
Benjamin MAUZé,MAUZé,Benjamin,LGP - Systèmes,,LGP
Frédérique MAYER,MAYER,Frédérique,ERPI,,ERPI
Samia MAZA,MAZA,Samia,CRAN - MPSI,,CRAN
Guilherme Mazanti,Mazanti,Guilherme,L2S - MODESTY,,L2S
Merouane MAZAR,MAZAR,Merouane,,DataLab Akkodis,
Mamadou MBOUP,MBOUP,Mamadou,CReSTIC - ATS,,CReSTIC
Nasser MEBARKI,MEBARKI,Nasser,LS2N - CPS3,,LS2N
Nassima MEBARKI,MEBARKI,Nassima,IMS - Automatique,,IMS
Nazih MECHBAL,MECHBAL,Nazih,,UMR PIMM - Equipe DYSCO,PIMM
Ariel MEDERO-BORRELL,MEDERO-BORRELL,Ariel,GIPSA-lab - SAFE,,GIPSA-lab
Khaled MEDINI,MEDINI,Khaled,LIMOS - ODPS,,LIMOS
Kamal MEDJAHER,MEDJAHER,Kamal,LGP - Systèmes,,LGP
Nihad MEGHELLI-GAOUAR,MEGHELLI-GAOUAR,Nihad,,MELT,
Houssem MEGHNOUDJ,MEGHNOUDJ,Houssem,GIPSA-lab - MODUS,,GIPSA-lab
Driss MEHDI,MEHDI,Driss,LIAS - A&S,,LIAS
Dominique MEIZEL,MEIZEL,Dominique,,Professeur élérite dans l'Equipe ReMix du labo XLIM (UMR #7252  CNRS/Université de Limoges),XLIM
ABDELKADER MEKHALEF,MEKHALEF,ABDELKADER,,LINEACT CESI,LINEACT
Pierre MELCHIOR,MELCHIOR,Pierre,IMS - Automatique,,IMS
Abdelhamid MELLOUK,MELLOUK,Abdelhamid,,UPEC-LISSI-TincNET,LISSI
Tomas MENARD,MENARD,Tomas,LIS (CAEN),,LIS (CAEN)
Guillaume MERCÈRE,MERCÈRE,Guillaume,LIAS - A&S,,LIAS
Jean Pierre MERLET,MERLET,Jean Pierre,,Hephaistos,INRIA-Sophia
Christophe MERLO,MERLO,Christophe,,ESTIA Recherche,ESTIA-Recherche
Rochdi Merzouki,Merzouki,Rochdi,CRIStAL - TOPSYS,,CRIStAL
Khaled MESGHOUNI,MESGHOUNI,Khaled,,CRIStAL - OSL,CRIStAL
Nacim Meslem,Meslem,Nacim,GIPSA-lab - MODUS,,GIPSA-lab
Nadhir MESSAI,MESSAI,Nadhir,CReSTIC - ATS,,CReSTIC
Zahir MESSAOUDENE,MESSAOUDENE,Zahir,,LABECAM,
Ali MESTRAH,MESTRAH,Ali,LIS (CAEN),,LIS (CAEN)
Laurent MEVEL,MEVEL,Laurent,,Inria I4S,INRIA Rennes
Pierre-Jean MEYER,MEYER,Pierre-Jean,,ESTAS,
Loïc MICHEL,MICHEL,Loïc,LS2N - CODEx,,LS2N
Gilles MILLERIOUX,MILLERIOUX,Gilles,CRAN - CID,,CRAN
Viorel MINZU,MINZU,Viorel,,,
Sylvain MIOSSEC,MIOSSEC,Sylvain,PRISME - IRAUS,,PRISME
Sofiane MOAD,MOAD,Sofiane,,,
Néjib MOALLA,MOALLA,Néjib,DISP,,
Abdelmoula MOHAFID,MOHAFID,Abdelmoula,LS2N - CPS3,,LS2N
Sabine Mondié,Mondié,Sabine,,"CINVESTAV, Mexico, Departement d'Automatique",
Thibaud MONTEIRO,MONTEIRO,Thibaud,DISP,,
Davy MONTICOLO,MONTICOLO,Davy,,ERPI,ERPI
Jairo R. MONTOYA TORRES,MONTOYA TORRES,Jairo R.,,Universidad de La Sabana - Research Group in Logistics Systems,
behrang moradi,moradi,behrang,,Altran,CERIS
Irinel-Constantin MORARESCU,MORARESCU,Irinel-Constantin,CRAN - CID,,CRAN
Sandrine MOREAU,MOREAU,Sandrine,LIAS - A&S,,LIAS
Richard MOREAU,MOREAU,Richard,Ampere - Dept. AIS,,Ampere
Xavier MOREAU,MOREAU,Xavier,IMS - Automatique,,IMS
Yann MORERE,MORERE,Yann,,LCOMS,LCOMS
Pascal Morin,Morin,Pascal,,ISIR-Sorbonne Université,
Justin MOSKOLAI,MOSKOLAI,Justin,,"Faculté des Sciences, Université de Douala Cameroun",
Emmanuel MOULAY,MOULAY,Emmanuel,,XLIM SRI,XLIM
Gilles MOURIOUX,MOURIOUX,Gilles,,XLIM SRI-REMIX,XLIM
Benjamin MOURLLION,MOURLLION,Benjamin,,MIAM,IRIMAS
Kaouther MOUSSA,MOUSSA,Kaouther,LAMIH - Automatique,,LAMIH
Abdouramane MOUSSA ALI,MOUSSA ALI,Abdouramane,LIS - ACS,,LIS
Sergio MOVER,MOVER,Sergio,,"LIX, Cosynus",LIX
Thierry MOYAUX,MOYAUX,Thierry,DISP,,
Martin MUJICA,MUJICA,Martin,,LAAS-CNRS RAP,LAAS-CNRS
Nour Mohammad Murad,Murad,Nour Mohammad,,,LE2P
Madiha NADRI,NADRI,Madiha,LAGEPP - DYCOP,,LAGEPP
NIHED NAIDJA,NAIDJA,NIHED,L2S - SYCOMORE,,L2S
M.najib NAJID,NAJID,M.najib,,MODELIS,LS2N
Michel Nakhla,Nakhla,Michel,,,CGS
Sina NAMAKI ARAGHI,NAMAKI ARAGHI,Sina,LGP - Systèmes,,LGP
Laurent NANA,NANA,Laurent,,Lab-STICC - IRIS,Lab-STICC
Olivier NAUD,NAUD,Olivier,,UMR ITAP,
Lyes NECHAK,NECHAK,Lyes,,LTDS,LTDS
Stephane NEGNY,NEGNY,Stephane,,,LGC
Dominique Nelson-Gruel,Nelson-Gruel,Dominique,,,PRISME
Mariana NETTO,NETTO,Mariana,,Laboratoire PICS-L du département COSYS,Université Gustave Eiffel
Philippe NEVEUX,NEVEUX,Philippe,,EMMAH,EMMAH
Alain NGUYEN,NGUYEN,Alain,,RENAULT - direction transformation digitale,
Khanh NGUYEN,NGUYEN,Khanh,LGP - Systèmes,,LGP
Hoai-Nam NGUYEN,NGUYEN,Hoai-Nam,,,
Jean-Marc NICOD,NICOD,Jean-Marc,FEMTO-ST - AS2M,,FEMTO-ST
Florentina NICOLAU,NICOLAU,Florentina,QUARTZ - ANLER,,QUARTZ
Silviu NICULESCU,NICULESCU,Silviu,L2S - MODESTY,,L2S
Igor Nikiforov,Nikiforov,Igor,,"Université de technologie de Troyes, LIST3N",
Jordan Ninin,Ninin,Jordan,,Lab-STICC - MATRIX,Lab-STICC
Frédéric NoëL,NoëL,Frédéric,G-SCOP,,
Rafael Accácio NOGUEIRA,NOGUEIRA,Rafael Accácio,LAAS-CNRS - DISCO,,LAAS-CNRS
Sylvie NORRE,NORRE,Sylvie,LIMOS - ODPS,,LIMOS
Lydie NOUVELIERE,NOUVELIERE,Lydie,,IBISC - SIAM,IBISC
Thomas NOWAK,NOWAK,Thomas,,LMF,
Walter NUNINGER,NUNINGER,Walter,,CRIStAL - I2C / Noce,CRIStAL
Selmin NURCAN,NURCAN,Selmin,,Centre de Recherches en Informatique,CRI
Raphaël OGER,OGER,Raphaël,,CGI - Centre Génie Industriel,CGI
Maxime OGIER,OGIER,Maxime,,CRIStAL - INOCS,CRIStAL
Javier OJEDA,OJEDA,Javier,,SATIE,SATIE
Sorin OLARU,OLARU,Sorin,L2S - SYCOMORE,,L2S
Martine OLIVI,OLIVI,Martine,,Factas,INRIA-Sophia
Nelly OLIVIER-MAGET,OLIVIER-MAGET,Nelly,,,LGC
Alexandru OLTEANU,OLTEANU,Alexandru,,Lab-STICC DECIDE,Lab-STICC
Gustav ÖMAN LUNDIN,ÖMAN LUNDIN,Gustav,ONERA - DTIS,,
Hassan OMRAN,OMRAN,Hassan,ICUBE - RDH,,ICUBE
Rodolfo ORJUELA,ORJUELA,Rodolfo,,"IRIMAS (UR7499), Equipe MIAM",IRIMAS
Rachid OUARET,OUARET,Rachid,,Laboratoire Génie Chimique,
Yassine OUAZENE,OUAZENE,Yassine,,Laboratoire Informatique et Société Numérique,LOSI
Djaffar OULD ABDESLAM,OULD ABDESLAM,Djaffar,,IRIMAS,IRIMAS
Fouzia OUNNAR,OUNNAR,Fouzia,IMS - Productique,,IMS
Alain OUSTALOUP,OUSTALOUP,Alain,IMS - Automatique,,IMS
Rachid OUTBIB,OUTBIB,Rachid,LIS - ACS,,LIS
Régis OUVRARD,OUVRARD,Régis,LIAS - A&S,,LIAS
Yacine OUZROUT,OUZROUT,Yacine,DISP,,
Marie-Pierre PACAUX-LEMOINE,PACAUX-LEMOINE,Marie-Pierre,LAMIH - Automatique,,LAMIH
Olivier PAGÈS,PAGÈS,Olivier,,,MIS
Jérôme PAILHES,PAILHES,Jérôme,,I2M-IMC,I2M
Shenle PAN,PAN,Shenle,,,CGS
Hervé PANETTO,PANETTO,Hervé,CRAN - MPSI,,CRAN
Elena PANTELEY,PANTELEY,Elena,L2S - MODESTY,,L2S
Hugo PARADA,PARADA,Hugo,,Institute de Mathématiques de Toulouse,
Alexandre PARANT,PARANT,Alexandre,CReSTIC - ATS,,CReSTIC
Jean-luc PARIS,PARIS,Jean-luc,G-SCOP,,
Olivier Pasquier,Pasquier,Olivier,,"Laboratoire IETR, équipe ASIC",IETR
Dimitri PEAUCELLE,PEAUCELLE,Dimitri,LAAS-CNRS - MAC,,LAAS-CNRS
Olivia PENAS,PENAS,Olivia,,QUARTZ (Equipe IS2M),
Yannick PENCOLÉ,PENCOLÉ,Yannick,LAAS-CNRS - DISCO,,LAAS-CNRS
Zhihao PENG,PENG,Zhihao,LIMOS - ODPS,,LIMOS
Bernard PENZ,PENZ,Bernard,G-SCOP,,
Francois PERES,PERES,Francois,LGP - Systèmes,,LGP
Frederic PEREYROL,PEREYROL,Frederic,IMS - Productique,,IMS
Laetitia PEREZ,PEREZ,Laetitia,LARIS - SDO,,LARIS
Cécile PERNIN,PERNIN,Cécile,Ampere - Dept. AIS,,Ampere
Arthur PERODOU,PERODOU,Arthur,Ampere - Dept. AIS,,Ampere
Florence Perraud,Perraud,Florence,,,
Nicolas PERRIN-GILBERT,PERRIN-GILBERT,Nicolas,,ISIR,ISIR
Nicolas PERRY,PERRY,Nicolas,,Institut de Mécanique et d'Ingéniérie Bordeaux - UMR 5295,I2M
Jean-françois PETIN,PETIN,Jean-françois,CRAN - MPSI,,CRAN
Laurent PETIT,PETIT,Laurent,,Roberval - M2EI,Roberval
Nicolas PETIT,PETIT,Nicolas,,"Centre Automatique et Systèmes, PSL Université",CAS
Eva PETITDEMANGE,PETITDEMANGE,Eva,,IMT Mines Albi - CGI,
Olivier PÉTON,PÉTON,Olivier,,LS2N -modelis,LS2N
Mihaly PETRECZKY,PETRECZKY,Mihaly,CRIStAL - CO2,,CRIStAL
Laurent PFEIFFER,PFEIFFER,Laurent,L2S - MODESTY,,L2S
Thanh Hung PHAM,PHAM,Thanh Hung,,OBS,
Minh Tu PHAM,PHAM,Minh Tu,Ampere - Dept. AIS,,Ampere
Laurent Philippe,Philippe,Laurent,,Institut Femto-ST / DISC,FEMTO-ST
Alexandre PHILIPPOT,PHILIPPOT,Alexandre,CReSTIC - ATS,,CReSTIC
Siao-Leu PHOURATSAMAY,PHOURATSAMAY,Siao-Leu,G-SCOP,,G-SCOP
Olivier Piccin,Piccin,Olivier,ICUBE - RDH,,ICUBE
Ariane PIEL,PIEL,Ariane,,CEA-LIST,CEA-LIST
Henri PIERREVAL,PIERREVAL,Henri,LIMOS - ODPS,,LIMOS
Hélène PIET-LAHANIER,PIET-LAHANIER,Hélène,ONERA - DTIS,,ONERA
Laurent PIÉTRAC,PIÉTRAC,Laurent,,Institut Pascal,Institut Pascal
Eric PIGEON,PIGEON,Eric,LIS (CAEN),,
Sébastien Pillement,Pillement,Sébastien,,IETR - ASIC,IETR
Maurice PILLET,PILLET,Maurice,,,SYMME
Romain PINQUIÉ,PINQUIÉ,Romain,G-SCOP,,
Florence PIRARD,PIRARD,Florence,,,
Christelle PITTET,PITTET,Christelle,,,
Laurent PLANCKAERT,PLANCKAERT,Laurent,,,
Franck PLESTAN,PLESTAN,Franck,LS2N - CODEx,,LS2N
Philippe POIGNET,POIGNET,Philippe,LIRMM - Robotique,,LIRMM
Thierry POINOT,POINOT,Thierry,LIAS - A&S,,LIAS
Gérard POISSON,POISSON,Gérard,PRISME - IRAUS,,PRISME
Denis POITRENAUD,POITRENAUD,Denis,,,LIP6
Andrey POLYAKOV,POLYAKOV,Andrey,CRIStAL - CO2,,CRIStAL
Denis POMORSKI,POMORSKI,Denis,CRIStAL - TOPSYS,,CRIStAL
Amélie Ponchet Durupt,Ponchet Durupt,Amélie,Roberval - SIPP,,
Jean Christophe PONSART,PONSART,Jean Christophe,CRAN - CID,,CRAN
Jean-Christophe POPIEUL,POPIEUL,Jean-Christophe,LAMIH - Automatique,,LAMIH
Quentin POSSAMAÏ,POSSAMAÏ,Quentin,,,LIRIS
Romain POSTOYAN,POSTOYAN,Romain,CRAN - CID,,CRAN
Mathieu POULIQUEN,POULIQUEN,Mathieu,LIS (CAEN),,
Charles POUSSOT-VASSAL,POUSSOT-VASSAL,Charles,ONERA - DTIS,,
Florian POUTHIER,POUTHIER,Florian,ICUBE - RDH,,ICUBE
Magali PRALUS,PRALUS,Magali,,SYMME,SYMME
Christine PRELLE,PRELLE,Christine,,Laboratoire Roberval - Equipe M2EI,Roberval
Christophe PRIEUR,PRIEUR,Christophe,GIPSA-lab - Infinity,,GIPSA-lab
Muriel PRIMOT,PRIMOT,Muriel,,,LS2N
Ionela PRODAN,PRODAN,Ionela,,"LCIS - Grenoble INP, Valence",
Caroline PRODHON,PRODHON,Caroline,,LIST3N,
Olivier PROT,PROT,Olivier,,Xlim - Équipe MOD,XLIM
Daniel PRUN,PRUN,Daniel,,,
Alain Pruski,Pruski,Alain,,,LCOMS
Xavier Pucel,Pucel,Xavier,ONERA - DTIS,,
Philippe PUDLO,PUDLO,Philippe,LAMIH - Automatique,,LAMIH
Patrick PUJO,PUJO,Patrick,,,CRET-LOG
Sylvie Putot,Putot,Sylvie,,,LIX
Pascal QUACH,QUACH,Pascal,LGI,,LGI
Alban QUADRAT,QUADRAT,Alban,,Inria Paris,
Arnaud QUADRAT,QUADRAT,Arnaud,,Safran E&D,
Isabelle QUEINNEC,QUEINNEC,Isabelle,LAAS-CNRS - MAC,,LAAS-CNRS
Anthony QUENEHEN,QUENEHEN,Anthony,,,LSIS
Audrey QUEUDET,QUEUDET,Audrey,,LS2N - Equipe STR,LS2N
Rabah RABAH,RABAH,Rabah,,,LS2N
Souad RABAH,RABAH,Souad,,LSR (Laboratoire des Sciences des Risques ),CERIS
Kanty Rabenorosoa,Rabenorosoa,Kanty,FEMTO-ST - AS2M,,FEMTO-ST
Abdelhamid RABHI,RABHI,Abdelhamid,,Laboratoire MIS,MIS
Emmanuel Rachelson,Rachelson,Emmanuel,,ISAE-SUPAERO / DISC,ISAE-DMIA
Naima RAHIEL,RAHIEL,Naima,QUARTZ - SD,,QUARTZ
Tarek RAISSI,RAISSI,Tarek,,"Cedric, Cnam",CEDRIC
Lala RAJAOARISOA,RAJAOARISOA,Lala,,CERI Systèmes Numériques - IMT Nord Europe,URIA
Naly RAKOTO,RAKOTO,Naly,LS2N - CPS3,,LS2N
Thomas RAKOTOMAMONJY,RAKOTOMAMONJY,Thomas,ONERA - DTIS,,ONERA-DTIS
Micky RAKOTONDRABE,RAKOTONDRABE,Micky,LGP - Systèmes,,LGP
Auguste RAKOTONDRANAIVO,RAKOTONDRANAIVO,Auguste,ERPI,,ERPI
Anthony RAMAROSON,RAMAROSON,Anthony,,,
Emmanuel RAMASSO,RAMASSO,Emmanuel,,Département Mécanique Appliquée,FEMTO-ST
Laurent RAMBAULT,RAMBAULT,Laurent,LIAS - A&S,,LIAS
Nacim RAMDANI,RAMDANI,Nacim,PRISME - IRAUS,,PRISME
Philippe RAUFFET,RAUFFET,Philippe,,Lab-STICC - FHOOX,Lab-STICC
Andreas RAUH,RAUH,Andreas,,Carl von Ossietzky Universität Oldenburg,
Henri-françois RAYNAUD,RAYNAUD,Henri-françois,,Laboratoire Charles Fabry IOGS,LCF
Marc RÉBILLAT,RÉBILLAT,Marc,,PIMM,PIMM
Jeanne REDAUD,REDAUD,Jeanne,L2S - MODESTY,,L2S
Yassin REFAHI,REFAHI,Yassin,,UMR FARE,
Didier REMOND,REMOND,Didier,,LaMCoS UMR 5259,LaMCoS
Sébastien REMY,REMY,Sébastien,,,
Dimitri RENARD,RENARD,Dimitri,,,CReSTIC
Esteban RESTREPO,RESTREPO,Esteban,,IRISA - Rainbow,IRISA
Nathalie REVOL,REVOL,Nathalie,,AriC - LIP (UMR 5668 CNRS - ENS de Lyon - Inria - UCBL),LIP
Pauline RIBOT,RIBOT,Pauline,LAAS-CNRS - DISCO,,LAAS-CNRS
Jean-Pierre RICHARD,RICHARD,Jean-Pierre,CRIStAL - CO2,,CRIStAL
Pierre RIEDINGER,RIEDINGER,Pierre,CRAN - CID,,CRAN
Bernard RIERA,RIERA,Bernard,CReSTIC - ATS,,CReSTIC
Maud RIO,RIO,Maud,G-SCOP,,G-SCOP
Michel ROBERT,ROBERT,Michel,CRAN - MPSI,,CRAN
Jacques ROBIN,ROBIN,Jacques,,"Laboratoire Numérique et Société, ESIEA (École Supérieure d'Informatique-Electronique-Automatique)",
Vincent ROBIN,ROBIN,Vincent,IMS - Productique,,IMS
Elinirina Iréna ROBINSON,ROBINSON,Elinirina Iréna,ONERA - DTIS,,
Bogdan ROBU,ROBU,Bogdan,GIPSA-lab - MODUS,,GIPSA-lab
Robin Roche,Roche,Robin,,FEMTO-ST,FEMTO-ST
Sophie RODIER,RODIER,Sophie,LIMOS - ODPS,,LIMOS
MICKAEL RODRIGUES,RODRIGUES,MICKAEL,LAGEPP - DYCOP,,LAGEPP
Joaquin Rodriguez,Rodriguez,Joaquin,,Estas,
Pedro RODRIGUEZ-AYERBE,RODRIGUEZ-AYERBE,Pedro,L2S - SYCOMORE,,L2S
Serge ROHMER,ROHMER,Serge,,InSyTE,ICD
Simon ROHOU,ROHOU,Simon,Lab-STICC - ROBEX,,Lab-STICC
Jorge ROJAS,ROJAS,Jorge,,Génie de Systèmes,
Clément ROOS,ROOS,Clément,ONERA - DTIS,,ONERA-DTIS
Bertrand ROSE,ROSE,Bertrand,ICUBE - CSIP,,ICUBE
Francesco Rossi,Rossi,Francesco,,Università di Padova,
Lionel ROUCOULES,ROUCOULES,Lionel,,Lispen,
Sébastien ROUQUET,ROUQUET,Sébastien,,,
Gilles ROUSSEL,ROUSSEL,Gilles,,LISIC,LISIC
Daniel ROY,ROY,Daniel,,LGIPM,LGIPM
Franck RUFFIER,RUFFIER,Franck,,ISM UMR 7287 CNRS-AMU,ISM
Jean-Nicola RUSSO,RUSSO,Jean-Nicola,,,
Eric RUTTEN,RUTTEN,Eric,,"CTRL-A, INRIA / LIG, Grenoble",INRIA Rhône-Alpes
Jocelyn SABATIER,SABATIER,Jocelyn,,Laboratoire IMS,IMS
Ludovic SACCHELLI,SACCHELLI,Ludovic,,MCTAO,INRIA-Sophia
Ramla SADDEM,SADDEM,Ramla,CReSTIC - ATS,,CReSTIC
Evren SAHIN,SAHIN,Evren,LGI,,LGI
M'hammed SAHNOUN,SAHNOUN,M'hammed,,LINEACT,LINEACT
Lyes SAIDI,SAIDI,Lyes,,,
Laurent SAINTIS,SAINTIS,Laurent,LARIS - SFD,,LARIS
Mohamed SALLAK,SALLAK,Mohamed,HEUDIASYC,,
Yves SALLEZ,SALLEZ,Yves,LAMIH - Automatique,,LAMIH
Karine SAMUEL,SAMUEL,Karine,,CERAG Université Grenoble Alpes,
Guillaume SANAHUJA,SANAHUJA,Guillaume,HEUDIASYC,,
Guillaume SANDOU,SANDOU,Guillaume,L2S - SYCOMORE,,L2S
Florian SANSOU,SANSOU,Florian,ENAC lab - SYSDYN,,
Adnane SAOUD,SAOUD,Adnane,L2S - SYCOMORE,,L2S
Camille SAROTTE,SAROTTE,Camille,,ONERA-DMPE,
Ioannis SARRAS,SARRAS,Ioannis,ONERA - DTIS,,ONERA
Christophe SAUVEY,SAUVEY,Christophe,,LGIPM - Equipe GIL,
Jérémie SCHUTZ,SCHUTZ,Jérémie,,,LGIPM
Gérard SCORLETTI,SCORLETTI,Gérard,Ampere - Dept. AIS,,Ampere
Naima SEHLI,SEHLI,Naima,,,
Aicha SEKHARI,SEKHARI,Aicha,DISP,,
Haythem SELMI,SELMI,Haythem,,Cesit,
OLIVIER SENAME,SENAME,OLIVIER,GIPSA-lab - SAFE,,GIPSA-lab
Olivier SENECHAL,SENECHAL,Olivier,LAMIH - Automatique,,LAMIH
Sidi Mohammed SENOUCI,SENOUCI,Sidi Mohammed,,Laboratoire DRIVE,
Chouki SENTOUH,SENTOUH,Chouki,LAMIH - Automatique,,LAMIH
Roger SERRA,SERRA,Roger,,Laboratoire de Mécanique Gabriel Lamé,
Patrick SERRAFERO,SERRAFERO,Patrick,,LTDS,LTDS
Alexandre SEURET,SEURET,Alexandre,LAAS-CNRS - MAC,,LAAS-CNRS
Marc Sevaux,Sevaux,Marc,,Lab-STICC,Lab-STICC
Florian SEVE,SEVE,Florian,,,
Hiba SHEHEITLI,SHEHEITLI,Hiba,,"Institut de Neurosciences des Systèmes (INS, UMR1106)",
Patrick SIARRY,SIARRY,Patrick,,LiSSi (EA3956),LISSI
Mario Sigalotti,Sigalotti,Mario,,"LJLL, équipe CAGE",
Houria SIGUERDIDJANE,SIGUERDIDJANE,Houria,L2S - SYCOMORE,,L2S
Zineb SIMEU-ABAZI,SIMEU-ABAZI,Zineb,G-SCOP,,
Philippe SIMON,SIMON,Philippe,LAMIH - Automatique,,LAMIH
Christophe SIMON,SIMON,Christophe,CRAN - MPSI,,CRAN
Vincent SIRCOULOMB,SIRCOULOMB,Vincent,,,IRSEEM
Iwona SKALNA,SKALNA,Iwona,,,
Natalie SMITH-GUÉRIN,SMITH-GUÉRIN,Natalie,,Lab-STICC équipe FHOOX,PRISME
Thierry SORIANO,SORIANO,Thierry,QUARTZ - ANLER,,QUARTZ
Michel SORINE,SORINE,Michel,,INRIA Paris,
Séverine SPERANDIO,SPERANDIO,Séverine,IMS - Productique,,IMS
Joanny STEPHANT,STEPHANT,Joanny,,XLIM - SRI,XLIM
Paul STIEF,STIEF,Paul,,LCFC,LCFC
Cristina STOICA,STOICA,Cristina,L2S - SYCOMORE,,L2S
Audine SUBIAS,SUBIAS,Audine,LAAS-CNRS - DISCO,,LAAS-CNRS
Christophe SUEUR,SUEUR,Christophe,CRIStAL - TOPSYS,,CRIStAL
Abdourahim SYLLA,SYLLA,Abdourahim,G-SCOP,,G-SCOP
Claudine TACQUARD,TACQUARD,Claudine,,,LI
Reda TAJINI,TAJINI,Reda,,,
Reine TALJ,TALJ,Reine,HEUDIASYC,,
Ramdane TAMI,TAMI,Ramdane,,IRT-SystemX,
Ferhat TAMSSAOUET,TAMSSAOUET,Ferhat,,PROMES-CNRS,PROMES
Badreddine TANANE,TANANE,Badreddine,DISP,,
Ying TANG,TANG,Ying,CRIStAL - CO2,,CRIStAL
Hervé TANGUY,TANGUY,Hervé,,,
Aneel Tanwani,Tanwani,Aneel,LAAS-CNRS - MAC,,LAAS-CNRS
Sophie TARBOURIECH,TARBOURIECH,Sophie,LAAS-CNRS - MAC,,LAAS-CNRS
Rousseau TAWEGOUM,TAWEGOUM,Rousseau,,EPhor - Environnement Physique de la plante Horticole,
"Ayeley, Philippe TCHANGANI",TCHANGANI,"Ayeley, Philippe",LGP - Systèmes,,LGP
Nikolay TCHERNEV,TCHERNEV,Nikolay,LIMOS - ODPS,,LIMOS
David TCHOFFA,TCHOFFA,David,,QUARTZ-DD,QUARTZ
Karima TEBANI,TEBANI,Karima,,LURPA,
Sihem TEBBANI,TEBBANI,Sihem,L2S - MODESTY,,L2S
Achraf Jabeur TELMOUDI,TELMOUDI,Achraf Jabeur,,LISIER - Université de Tunis,
RIHAB EL HOUDA THABET,THABET,RIHAB EL HOUDA,,IRSEEM,
Didier THEILLIOL,THEILLIOL,Didier,CRAN - CID,,CRAN
Fabrice THEOLEYRE,THEOLEYRE,Fabrice,,ICube-réseaux,ICUBE
Simon THEVENIN,THEVENIN,Simon,,LS2N-MODELIS,LS2N
Maxime THIEFFRY,THIEFFRY,Maxime,LS2N - CODEx,,LS2N
Caroline THIERRY,THIERRY,Caroline,,IRIT,
Frédérik THIERY,THIERY,Frédérik,,PROMES-CNRS UPR 8521 - Equipe SCS,PROMES
Stéphane THIL,THIL,Stéphane,,PROMES - CSPG,PROMES
Jean Hugh THOMAS,THOMAS,Jean Hugh,,LAUM UMR CNRS 6613,LAUM
Philippe THOMAS,THOMAS,Philippe,CRAN - MPSI,,CRAN
Chevet THOMAS,THOMAS,Chevet,,,IRSEEM
Daniel THOMASSET,THOMASSET,Daniel,Ampere - Dept. AIS,,Ampere
Sebastien THOMASSEY,THOMASSEY,Sebastien,,GEMTEX,GEMTEX
Julien Thuillier,Thuillier,Julien,CRAN - CID,,CRAN
Khaoula TIDRIRI,TIDRIRI,Khaoula,GIPSA-lab - SAFE,,GIPSA-lab
Ayoub TIGHAZOUI,TIGHAZOUI,Ayoub,ICUBE - CSIP,,ICUBE
Joris TILLET,TILLET,Joris,Lab-STICC - ROBEX,,Lab-STICC
Mariana TITICA,TITICA,Mariana,,Laboratoire GEPEA UMR 6144 CNRS Nantes Université,
Sami TLIBA,TLIBA,Sami,L2S - COMEDY,,L2S
Mounira TLILI,TLILI,Mounira,,,
Armand TOGUYENI,TOGUYENI,Armand,CRIStAL - TOPSYS,,CRIStAL
Tommaso TOSO,TOSO,Tommaso,GIPSA-lab - DANCE,,GIPSA-lab
Nadjia TOUATI,TOUATI,Nadjia,,Chercheur associé Laboratoire MATRIS,
Christophe TOURNIER,TOURNIER,Christophe,LURPA,,LURPA
Hassen TRABELSI,TRABELSI,Hassen,QUARTZ - ANLER,,QUARTZ
Gia Quoc Bao TRAN,TRAN,Gia Quoc Bao,,,CAS
Mamadou Kaba TRAORE,TRAORE,Mamadou Kaba,IMS - Productique,,IMS
Louise TRAVÉ-MASSUYÈS,TRAVÉ-MASSUYÈS,Louise,LAAS-CNRS - DISCO,,LAAS-CNRS
Jean-François Tregouet,Tregouet,Jean-François,Ampere - Dept. AIS,,Ampere
Cristian TRELEA,TRELEA,Cristian,,,
Damien TRENTESAUX,TRENTESAUX,Damien,LAMIH - Automatique,,LAMIH
Nicolas TRICOT,TRICOT,Nicolas,,TSCF,
Nezha TRIGEASSOU,TRIGEASSOU,Nezha,LIAS - A&S,,LIAS
Jean Claude TRIGEASSOU,TRIGEASSOU,Jean Claude,,,
Lorraine TRILLING,TRILLING,Lorraine,DISP,,
Benoît TROUILLET,TROUILLET,Benoît,CRIStAL - TOPSYS,,CRIStAL
Nadège TROUSSIER,TROUSSIER,Nadège,,,ICD
Ilse URQUIA,URQUIA,Ilse,IMS - Productique,,IMS
Claire Valentin,Valentin,Claire,LAGEPP - DYCOP,,LAGEPP
Bruno VALLESPIR,VALLESPIR,Bruno,IMS - Productique,,IMS
Giorgio VALMORBIDA,VALMORBIDA,Giorgio,L2S - MODESTY,,L2S
Vincent VAN ASSCHE,VAN ASSCHE,Vincent,,,LAC
Jérémy VAN GORP,VAN GORP,Jérémy,,,CEDRIC
Pierre Olivier VANDANJON,VANDANJON,Pierre Olivier,,,Université Gustave Eiffel
Frédéric VANDERHAEGEN,VANDERHAEGEN,Frédéric,LAMIH - Automatique,,LAMIH
Elise VAREILLES,VAREILLES,Elise,,ISAE SUPAERO / DISC / ADO,ICD
Christophe VARNIER,VARNIER,Christophe,FEMTO-ST - AS2M,,FEMTO-ST
Eric VASSELIN,VASSELIN,Eric,,GREAH,GREAH
Jesus-Avelino VAZQUEZ-TREJO,VAZQUEZ-TREJO,Jesus-Avelino,CRAN - CID,,CRAN
Samuel VERCRAENE,VERCRAENE,Samuel,DISP,,
Baptiste VÉRON,VÉRON,Baptiste,,,
Sylvain VERRON,VERRON,Sylvain,LARIS - SFD,,LARIS
Stephane VICTOR,VICTOR,Stephane,IMS - Automatique,,IMS
Jean VIEILLE,VIEILLE,Jean,,,
David VIEIRA GOIS FERNANDES,VIEIRA GOIS FERNANDES,David,,IRIMAS UR-7499 | MIAM,
Christophe VIEL,VIEL,Christophe,Lab-STICC - ROBEX,,Lab-STICC
Eric VILLENEUVE,VILLENEUVE,Eric,,ESTIA Recherche,
Marina VINOT,VINOT,Marina,DISP,,
Cristina Vlad,Vlad,Cristina,L2S - SYCOMORE,,L2S
Alexandre VOISIN,VOISIN,Alexandre,CRAN - MPSI,,CRAN
Pascal VRIGNAT,VRIGNAT,Pascal,PRISME - IRAUS,,PRISME
Pierre VUILLEMIN,VUILLEMIN,Pierre,ONERA - DTIS,,ONERA
Martine WAHL,WAHL,Martine,,Cosys-Leost,Université Gustave Eiffel
Sérgio WAITMAN,WAITMAN,Sérgio,ONERA - DTIS,,
Tao WANG,WANG,Tao,DISP,,
Philippe Weber,Weber,Philippe,CRAN - MPSI,,CRAN
Marc WIJNAND,WIJNAND,Marc,,postdoc Sorbonne Université : STMS/Ircam et Musée de la musique,IRCAM - CNRS UMR 9912 STMS
Joseph WINKIN,WINKIN,Joseph,,"Institut naXys, UNiversité de Namur, Belgique",
Patrice WIRA,WIRA,Patrice,,IRIMAS IMTI,IRIMAS
Emmanuel WITRANT,WITRANT,Emmanuel,GIPSA-lab - Infinity,,GIPSA-lab
YONGXIN WU,WU,YONGXIN,FEMTO-ST - AS2M,,FEMTO-ST
Charles YAACOUB,YAACOUB,Charles,,Université Catholique de Lille,
Fouad YACEF,YACEF,Fouad,,ESTACA-LAB,
Mohamed YAGOUBI,YAGOUBI,Mohamed,LS2N - CODEx,,LS2N
Esma YAHIA,YAHIA,Esma,,LISPEN,LSIS
Zakaria YAHOUNI,YAHOUNI,Zakaria,G-SCOP,,G-SCOP
Alice YALAOUI,YALAOUI,Alice,,,
Bernard YANNOU,YANNOU,Bernard,LGI,,LGI
Mohamad YASSIN,YASSIN,Mohamad,,,
Nima YEGANEFAR,YEGANEFAR,Nima,LIAS - A&S,,LIAS
Fang YIPING,YIPING,Fang,LGI,,LGI
Claude YUGMA,YUGMA,Claude,LIMOS - ODPS,,LIMOS
Pierre Alain YVARS,YVARS,Pierre Alain,QUARTZ - ANLER,,QUARTZ
Luca ZACCARIAN,ZACCARIAN,Luca,LAAS-CNRS - MAC,,LAAS-CNRS
Gregory ZACHAREWICZ,ZACHAREWICZ,Gregory,,LSR (Laboraotires des Sciences des Risques) - IMT Mines Ales,CERIS
Eric ZAMAI,ZAMAI,Eric,Ampere - Dept. AIS,,Ampere
Gabriel ZAMBRANO REY,ZAMBRANO REY,Gabriel,LAMIH - Automatique,,LAMIH
Michel Zasadzinski,Zasadzinski,Michel,CRAN - CID,,CRAN
Nicola ZAUPA,ZAUPA,Nicola,LAAS-CNRS - MAC,,LAAS-CNRS
Janan ZAYTOON,ZAYTOON,Janan,CReSTIC - ATS,,CReSTIC
Ali ZEMOUCHE,ZEMOUCHE,Ali,CRAN - CID,,CRAN
Ryad ZEMOURI,ZEMOURI,Ryad,,Centre de Recherche d'Hydro-Québec,
Seghir Zerguini,Zerguini,Seghir,,BSE - UMR CNRS 6060,GREThA
Noureddine ZERHOUNI,ZERHOUNI,Noureddine,FEMTO-ST - AS2M,,FEMTO-ST
Qinghua ZHANG,ZHANG,Qinghua,,,INRIA Rennes
Gang ZHENG,ZHENG,Gang,CRIStAL - CO2,,CRIStAL
Emmanuel ZIMMERMANN,ZIMMERMANN,Emmanuel,CRAN - MPSI,,CRAN
Ali ZOLGHADRI,ZOLGHADRI,Ali,IMS - Automatique,,IMS
Marc ZOLGHADRI,ZOLGHADRI,Marc,,Quartz,
Salma ZOUAOUI,ZOUAOUI,Salma,,,ICUBE
Sameh ZRIBI,ZRIBI,Sameh,,,
Nicolas Zufferey,Zufferey,Nicolas,,,
